start,end,category,count,title,content
2020-01-02,2020-02-01,인권/성평등,267,서울지방병무청 탈의실에 설치된 CCTV에 대한 진상규명을 요구한다. 또한 인권위의 미온적 대응을 규탄한다.,"본인은 2019년 8월 경 서울지방병무청 제1검사장 탈의실에서 믿을 수 없는 것을 발견하였다. 탈의실 천장에 CCTV를 발견한 것이다. 본인은 이에 경악하였다.

탈의실에 CCTV를 설치하는 것은 개인정보보호법 25조 2항을 위반한 사안으로 심각한 법적 문제이다. 촬영이 되었다면 이는 성폭력범죄의 처벌 등에 관한 특례법 14조 1항 위반이기도 하다. 또한, 법적인 문제일 뿐만 아니라 개인의 자유를 침해하고 성적 수치심을 불러일으키는 매우 심각한 윤리적 문제이다.
이렇듯 불법카메라는 그 자체로 굉장히 심각한 문제이다. 그런데 공공기관에서 탈의실에 불법, 비윤리적으로 카메라를 설치하였고, 이를 운영하였을지도 모르는 상황이 발생하였다. 도대체 한국 정부는 인권을 무엇이라고 생각하는 것인가? 

발견 직후 인권위에 진정을 넣었지만 인권위에서는 현재까지 조사가 되고 있는지, 진행은 어떻게 되었는지 어떠한 답변도 하지 않고 있다. 병무청측에서도 어떠한 답변도 없었다.

더 이상 답변을 기다리는 것이 의미 없다고 생각한 본인은 모 커뮤니티에 이 사실을 알렸다. 이후 이슈화가 되자 병무청은 설치는 되었으나 운영은 하지 않았다는 대답을 내놓았지만 이에 대한 조사 경과 발표나 사과, 책임 있는 대응은 전혀 보여주고 있지 않다.

이는 개인의 자유와 권리의 본질적 내용을 침해하는 강제징집, 국제노동기구가 인정한 강제징용/강제노동을 당하는 20대 남성들이 국가에 의해 신체를 감시당한 사건이다. 한국 정부는 병역의무자에게는 인권이 없다고 생각하는가?

언제까지 국가는 개인들을 노예 취급할 것인가? 몇백원도 안되는 시급을 주며 강제로 폭력 속에서 부리는 것도 모자라 이제는 이런 어처구니 없는 일까지 일어나는 것에 경악하지 않을 수 없다. 

이에 본인은 위 사실을 강력히 규탄하며 아래와 같은 대응을 요구한다.

1. 서울지방병무청 징병검사소 탈의실에 CCTV가 설치된 경위와 운영 여부, 관리 내역 등에 대해 낱낱이 조사하여 그 진상을 밝혀라.
2. 병무청장과 서울지방병무청장은 이 사건에 책임을 지고 사퇴하라. 자진사퇴를 거부한다면 정부는 이들을 파면하라.
3. 이 사건과 관련된 책임자와 담당자를 처벌하라.
4. 병무정장 명의의 사과문을 병무청 사이트를 비롯한 온라인과 전국의 신체검사소에 올려 신체검사대상들이 그 사과 내용을 알게하고, 사과내용과 조사 경과를 언론에 배포하라.
5. 어떠한 이유에서 인권위가 위 민원을 무시하고 태만하였는지 조사하고 책임자를 문책하라.
6. 병무청이 CCTV 제보자와 민원인들을 보복하지 않도록 감시하고 제보자와 민원인을 적극적으로 보호하라.
7. 한국 정부는 20대 남성의 강제징집과 강제노동에 대해 최저임금 3배 이상의 시급을 지급하고 빠른 시일내로 현재의 징병제를 개혁하여 강제징집과 강제징용, 강제노동을 폐지하라. 또한 지금까지 강제적으로 끌려가 피해를 당한 당사자들에게 사과하고 합당한 피해보상금을 제공하라.


각주 1. 개인정보보호법 제25조 2항
제25조(영상정보처리기기의 설치ㆍ운영 제한) 
② 누구든지 불특정 다수가 이용하는 목욕실, 화장실, 발한실(發汗室), 탈의실 등 개인의 사생활을 현저히 침해할 우려가 있는 장소의 내부를 볼 수 있도록 영상정보처리기기를 설치ㆍ운영하여서는 아니 된다. 다만, 교도소, 정신보건 시설 등 법령에 근거하여 사람을 구금하거나 보호하는 시설로서 대통령령으로 정하는 시설에 대하여는 그러하지 아니하다.

각주2. 개인정보보호법 제75조(과태료) 1항 3호
다음 각 호의 어느 하나에 해당하는 자에게는 5천만원 이하의 과태료를 부과한다. 
3. 제25조제2항을 위반하여 영상정보처리기기를 설치ㆍ운영한 자

각주3. 성폭력범죄의 처벌 등에 관한 특례법 제14조(카메라 등을 이용한 촬영) 1항 
카메라나 그 밖에 이와 유사한 기능을 갖춘 기계장치를 이용하여 성적 욕망 또는 수치심을 유발할 수 있는 사람의 신체를 촬영대상자의 의사에 반하여 촬영한 자는 5년 이하의 징역 또는 3천만원 이하의 벌금에 처한다.  <개정 2018. 12. 18.>

각주4. 국제노동기구 제29호 강제근로 협약, 제105호 강제근로 폐지 협약
제105호 
(가) 정치적 견해 또는 기존 정치 사회 경제제도에 사상적으로 반대하는 견해를 가지거나 발표하는 것에 대한 제재 및 정치적 억압 또는 교육의 수단
(나) 경제발전을 목적으로 노동력을 동원 이용하는 경우
(다) 노동 규제의 수단
(라) 파업참가에 대한 제재
(마) 인종적 사회적 민족적 또는 종교적 차별대우의 수단"
2020-01-02,2020-02-01,경제민주화,271,주식시장 활성화 및 소액(개미)투자자 보호,"우리 나라 코스피 시총이 미국 애플보다 작다는 설이 돌 정도로 한국의 주식시장은 저평가된 시장이라고 합니다. 하지만 투자매력이 없다고도 합니다.이렇게 말하는 이유가 어디 있습니까? 바로 투자를 해도 수익을 기대하기 어렵다는 인식이 이미 널리 퍼져 있다는 것입니다.

지금은 투자매력이 없어서 그렇지,..우리 나라 시중 부동 자금이 어마어마 한 것으로 알려진 것과, 외국 투자 자본 또한 실로 어마무지하게 많다는 것도 알고있습니다. 그러나 이 투자금이 주식시장으로 원활하게 순환이 안되고 있다는데 있습니다.

정부는 유휴자금이 주식 시장으로 들어오게 분위기를 띄어줘야 하는데,... 그렇지 못한 현실이 안타깝다고 생각합니다.
국가가 지원해 돈 들이기가 어려우면,정부에서 정서적인 말이라도 활성화를 위한 관심표명과 정책적으로 지원만 해도 시장분위기는 많이 좋아질 것이라 확신합니다. 

그래서 저는 정부에 다음과 같이 청원합니다.
주식시장에 더 큰 충격 오기 전에 정부가 예방 조치를 할 수 있는데까지 노력해 주시기를 당부 드리면서,...

첫째,주식시장 활성화와 부양에 대한 정부의 의지를 표명해 주십시오 

둘째,  코스닥 종목은 공매도 제외시켜 주세요.

공매도 제도를 아예 없애버리면 좋겠지만 제도를 살린다면 적용 시장에서 코스닥 종목은 제외 해 주어야 체력이 약한 코스닥 시장을 안정시킬 수 있다고 봅니다 

셋째, 거래시장의 주식거래세를 더 낮춰 주세요 

특히 개미(소액)투자에 동일한 요율로 부과하는 것은 너무나 불공정 하다고 봅니다.

넷째, 중,장기 보유자에 대한 우대 차원에서 보유기간을 설정하여 주세요.

이는 장기 보유자에 대한 혜택을 주어 초단타매매 등 시장 질서를 교란하는 투자자와 분리하는 제도를 도입해 시장 안정화에 기여해 주시길 간곡히 부탁드리면서 청원합니다."
2020-01-02,2020-02-01,행정,198,교정기관의 민낮,"억울한 일로 국민청원을 신청합니다.

 저는 **구치소 **교도관입니다.

 2015.10. 29. 이주 전 **구치소에는 독거실이 3개뿐이었는데 2014년 성북구 종암동 구역의 편입및 정신보건법의 개정으로 정신질환수용자가 갑자기 폭증을 하였습니다.

 그날도 존속살인 미수의 정신질환 수용자가 입소하였으나, 정신질환 수용자는 독거실에 수용하여야 하는데, 독거실이 없어 신입혼거실에 수용중 밤에 옆사람 목을 조르려 하였으나,팀원인 직원이 진압하지 못하여 제가 휴게시간에  휴식하지 못하고  진정시키다가 코피를 쏟고 호홉곤란이 발생하여 서울대 병원에서 여러 종합검사끝에 확장형심근병진단을 받았고 치료를 위하여 1주일 응급입원 검사끝에 갑상선항진증 진단을 받았습니다.
  투약치료를 받던 중 2016년 6월 9일 심정지로 쓰러졌으나,행인의 도움으로 깨어나 인공제세동기 삽입시술을 받았으며, 인공제세동기는 8년마다 재시술을 받아야 하고, 상태가 심해지면 인공심장으로 교체수술을 받아야 한다고 합니다.
연이은 철야로 당시 열악했던 근무상황에 대해 서울성모병원에서 업무상 과로로 인한  업무상 재해에 해당한다는 직업환경의학과의 소견서도 발급받았습니다.

저는 업무상 재해인정을 위한 공상소송중 행정소송 2심에서 공무상 요양신청서에 병명을 갑상선 항진이 아닌 과로와 연관이 없는 확장형심근병으로 기록하였다는 이유로 기각판결을 받았습니다.

그러나 확장형심근병으로 기록된 공무상 요양신청서는 행정심판 단계인 2017년 2월 제가 심정지후 회복을 위한 질병휴직에서 복귀한 뒤, 기관이 공무상요양신청서에 병명이 확장형심근병으로 인쇄된 용지를 주어 서명 날인만 한 후 제출된 것으로 당시 저는 심정지휴유증으로 인한 뇌손상으로 조용한 환경이 아니면 기억력에 장애를 격는 휴유증에 시달리고 있어서 제대로 항의도 못하였고, 또한 재해 발생경위서도 제가 변호사를 선임하여 작성한 문서를 소장이 결제하지 않고 반려하여[보안사항을 외부 변호사에게 작성시켰다는 이유로] 행정직원에게 다시 작성하게 하였는데,주요과로내용이 다 빠지고 기각되기 딱 좋도록 작성된 재해발생경위서를 만들어 주어 , 제가 난감해 하니 변호사님이 '소송에서 다투면 되니 일단 접수를 하라'고 하여 접수하였으나, 연이은 행정심판 단계에서 다 패소하였으며, 행정소송 2심에서는 정작 기관에서 준 병명이 인쇄된 요양신청서로 기각판결을 받고 말았습니다 
 그 신청서는 당시 총무과 직원이 저보고 집에서 작성 제출하라고 메일로 보내줬으나, 집 프린터가 검정색잉크는 다쓰고 빨간색으로 출력되어 작성하지 못하고 이튿날 총무과에서 준 용지에 날짜와 서명만 쓰고 제출하였습니다.

 저는  팀장인 제책임을 다하여 조직과 동료에 민페를 안 끼치려 팀원의 근무를 휴계시간에 쉬지 못하고 연이어 대신하다가 과로로 심장이 망가져 쓰러졌는데, 기관은 이 소송이 기관장의 근평을 감점시켜 승진에 지장을 준다는 이유로 갖은 방법으로 자료제출등 소송을 방해하였으며, 소송을 무효화 시키기 위하여 30년 근무동안 제 과실로 인한 근무보고서는  한장을 써본 적이 없는데 심지어 징계건도 아닌 사유로 징계까지 주고 조사과정에서 강압으로 3년전 제가 쓰러진 상황을 위조하여 소송을 무효시키려는 시도까지 하였습니다.
  공무상 요양소송을 패소시키기 위해, 기관에서 중앙통제실에 소송 관계자를 배치하여 저를 불법 사찰하여[소송 하였다는 이유로] 근무중 문서를 출력하기 위해 3분정도 프린터실에 간 것까지 근무지 이탈로 근무보고서를 제출요구 하여 징계에 넘겼으며[견책]
4. 2019. 9. 3. 아침 7시 40분 점검 시간에 저에게 팀장 이oo가 서류제출을 요구해 [통상 점검시간에는 서류제출을 요구하지 않음] 제출하고, 미처 점검준비를 하지 못하고 사소출역방인 9. 10방 개문이 지적되어, 근무보고서를 제출하라하여 제출하고, 잠시후 행정계장에게 전화가 와서 교육 불참을 이유로 다시 근무보고서를 제출하라 하여 제출하니, 팀장이 팀사무실로 불러서 내려가니 개문, 교육불참을 이유로 징계통고를 하여 '부당하다, 소청하겠다'고 답변후 채증하여 녹음하니, 잠시후 조사실로 가라고 교대자를 보내서, 근무자실 화장실에서 제 변호사에게 ' 부당하게 조사 감금하려 한다, 조사를 거부해도 되냐', 고 문의통화[통화내역 첨부]를 하였더니, 저를 조사실로 끌고 가려고 팀장 이**가 왔다가 통화목소리를 듣고, '핸드폰 통화도 징계하겠다'고 하여 견책 징계를 받게 되었으며[연이은 근무보고서제출 및 호출로 보관함에 맡길 수 없었음],심정지후 제세동기 시술로 몸 상태도 안좋은 상태[가슴통증]에서 공로연수갈 계획이었으나, 징계로 공로연수및 명예퇴직이 불가능하게 만들었습니다.
  2019. 9. 3. 21시까지 조사를 끝낸 후, 2019. 9. 19. 퇴근길에 모르는 부재중 전화가 있어서 통화해 보니 조사계장과 행정계장으로 저에게 3년전 심정지때의 정황을 물어서, 그걸 왜 묻냐고 하니 도와주려 한다고 하여, '퇴근길에~라고, 답변하니, '무슨 퇴근길이냐?~,'며 소리를 버럭지르며 심정지시의 정황을 위조하려 시도하여, 화가나 같이 소리를 지르고 주장하다가, 다음날 조사실로 오라고 하여 통화를 끊고, 변호사에게 상황을 전하니 '앞으로 모든 조사를 거부하고 강제 연행하려 하면 112에 신고하여 보호받으라'고 하여 초긴장 상태로 근무하다가 변론이 종결되었습니다.
 직원들이 저의 징계소식을 듣고 찾아와 '무슨일로 징계냐'고 물어서, 교육 불참및 점검시 개문이라 하였더니, '어, 나도 교육 안갔는데~, 서로 답변하였으며, 헌법에도 규정된 보편적 타당성이 결여된 개별적 처분적법률의 행사로 직권 남용입니다.

행정소송의 위법한 패소로 치료의 길이 난감할 뿐 입니다.

공정한 제대로된 소송이 보장된 법치의 길이 열리길 기도할 뿐입니다."
2020-01-02,2020-02-01,안전/환경,170,미세먼지 저감 대책,"미세먼지의 심각성은 이제 적극적인 대안을 요구 하고 있습니다.
우리 일상에서 가장 쉽고 적극적으로 할 수 있는 것은 모든 건축물 외부에 스프링쿨러를 설치하는 것입니다. 
도로변에도 가로등 등을 이용하여 스프링쿨러를 설치하여 일정 농도이상의 미세먼지 발생시 물을 뿌리면 즉시 미세먼지를 흡착 줄일 수 있습니다.
특히 옥상조경 혹은 건물외부 수직정원 등과 결합한다면 환경문제를 적극적으로 해결할 수 있습니다.
더운 여름에는 10도이상의 온도를 낮출 수 있고
겨울에는 미세먼지 뿐만아니라 도시의 온도를 10도 이상 올릴 수도 있습니다.
그리고 각 가정마다 각 건물마다 수도 시설이 갖추어져 옥외 스프링쿨러 설치 비용은 최소 몇만원 최대로 하더라도 100만원을 넘지 않는 저예산이지만 효과는 즉시 나타날 수 있습니다..
옥상녹화화 수직정원이 결합된다면 금수강산의 대한민국을 다시 만들 수 있습니다.
감사합니다.
참고로 저는 농업인이며 농생물학 원예생태시스템공학을 전공 박사학위 소유자 이며 현제 수직정원과 인공구조물 녹화 그리고 식물신품종 개발로 해외 로열티를 수출하고 있으며 정원관련분야의 일도하고 있습니다.
미세먼지와 도시 환경문제의 근본적 대책은 매우 많은 시간과 노력이 필요한 것 입니다만 우선 적극적임 대안 중 가장 실효성있는 대안 이니 적극 검토 바랍니다."
2020-01-02,2020-02-01,교통/건축/국토,"2,127",악질세입자 방지를 위한 세입자보호법을 재정해주세요.,"저는 우선 아이셋의 부모입니다.
식구가 많은편이고 아이들이 성장함에 따라 집이 좁아져 나름 단꿈을 가지고 좀더 넓은집을 분양받았습니다.
하지만 아이들 학교문제로 분양받은집에 바로 입주를 못할 상황이되어 우선 월세를 놓게 되었습니다.
보증금 5백에 월100. 보증금이 어이없는 가격인 이유는 세입자에 맞추다보니 그리 되었습니다.

그런데 세입자들이 입주이후 관리비를 한번도 안낸걸 2년뒤에 알게되었습니다. 저희나름 소유주갑질이 될까 세입자에게 편안한 생활이 되도록 연락을 안하고살았습니다. 집주인이 관리비 냈나안냈나 일일이 체크하는것도 웃기다생각했구요.

이렇게 오랜 체납에도 소유주에게 세입자를 주시해보라는등의 한번도 주의알림을 하지않은 관리소장이 원망스럽습니다. 

암튼 관리비 2년미납에 보증금은 이미 사라진지 오래...
이미 못받은 월세는 보증금 소멸후부터도 7개월. 
이미 손해는 1400만원에 육박해가고있습니다. 

나름 배려를 많이 해준 저희에게 10일뒤. 일주일뒤
.한달뒤 나갈꺼란 말만하고 나가고자 전혀 노력을 하지않는 세입자를 대하는것이 한달한달이 지날수록 너무 지옥같습니다.
저희도 대출이자를 매꿔가는것이 너무 버겁고. 마이너스통장도 이제 더이상 한계에 다다랐고. 세입자에게 농락당하는 기분도 너무 불쾌합니다.

그런데 막상 단수단전을 하려니... 
세입자와 관리사무소가 세입자 보호법을 이야기하며 할수가 없다고합니다. 이게 말이 되나요? 
이사람들이 난방을 할수록 수도 전기를 쓸수록 저희 빚인데요?

왜 국가는 세입자보호법이라는걸 만들어놓고.. 국가의 돈으로 보호해주지않고 소유주 돈으로 세입자만 보호해주나요? 
소유주는 악한 소유주만 있나요? 
단수단전을 하지않으면 집주인만 잘 갖고놀면 충분히 편하고좋은데 누가 나가나요?

1.부동산 세입자보호법을 수정해주시기 바랍니다. 
단전단수금지 세입자 보호법이 보증금이 남아있는 상태까지만 적용된다라던지..
세입자 보호법도 예외가 있는 법안을 만들어주시기 바랍니다.

2.명도소송도 너무 오래걸립니다. 
보증금 남아있는 경우를 제외하고 보증금마저 없이 세입자의 농간으로 소유주의 빚이 늘어만가고있을때는 빨리 소송이 진행될수있는 법안을 만들어 주시기 바랍니다.

정말 법을 악용하는 악질 세입자들이 존재하고.
정말 선량한 소유주 입장에서 악질세입자때문에 너무 가슴앓이 하고 눈물 흘리고있는 경우가 있다는 사실 꼭 인지해주세요.

내가 들어가야할 집에.. 내가 살아보지도 못한 새집에...
생판모르는 피도 안섞인 타인이 점거하고있어 너무 어이가없고,
제때 이사가지도 못하고. 이게 뭐하는 상황인지 한탄스럽고 눈물납니다."
2020-01-02,2020-02-01,일자리,"2,152",파주***의 협력업체직원에대한 갑질해고의 근절응처원합니다.,"[제목없음]
파주***의 협력업체직원에 대한 갑질해고의 근절을 청원합니다.

저희는 ***내의 CR(clean room)내에서 수년간 같은일을 하는 물류3팀의 A조B조C조 총50여명의 협력업체 근로자들입니다.
2019년12월6일 회의실에서 물류3팀A조원들은 반장에게서 오는 새해 1월25일자 해고를 구두로 통고 받았습니다. 파주*** 내 P9의 CR내 협력업체 ****** 업무를 자사인원이 넘겨받는다고 협력업체직원 물류3팀 ABC조 모두를 해고 한다고 합니다. 협력업체는 대략3년정도의 주기로 회사이름만 바뀌면서 해당일과 연차등은 그대로 승계되어왔습니다. 수년간 또는 십수여년간 같은 일을 한 3조 3교대로 각조 약15명씩 총50명정도 됩니다.
자사와 같은 생산라인에 생산계획표와 work order상의 계획에 따라 자재의요청과 투입, 재공품의 운반및 출하등을 ***의 자사직원과 라인일을 나누어 하고있는 입장입니다. 또한 수리에 관한 자재의 상판 하판의 분리등을 담당하기도합니다. 같은 일을 나누어하는 저희의 급여는 ***사원과 차등을 두며 저임금을 강요받았습니다. 몇년전부터 4분기마다주던 상여금을 합쳐서 매달 나누어 주는것으로 변경하여 저임금의 창의적인 동결효과를 발휘했습니다. 성과급 또한 ***직원의 절반도 안되는 금액을 매년 지급 수령하였습니다.

생산라인이 없어지지 않고 생산도 그대로인데 자사직원이 협력사업무를 빼앗아 강제로 모두를 해고한다고 합니다. 

얼마전에 ***자사직원에게는 5년차이상근무자에게 3년간의 위로금을 지급하며 희망퇴직을 단행하였습니다. 저희는 저임금일지라도 해고되지 아니하는 것만으로도 다행이라고 위로를 하였습니다. 그러나 협력업체에 대해 이러한 식으로 엄동설한에 기습적으로 해고를 하면서  아무러한 대책도 없습니다. 자사직원의 협력업체일터의 강탈을 저지해 주십시요. 한달벌어 한달을 견디는 저임금으로 ***의 이익에 기여를 해온바 적어도 강제해고시 자사에 준하는 위로금의 지급을 해주시기를 바랍니다.
저희는 도움이 필요합니다..

협력업체직원에 대한 갑질해고는 기업의 가치를 떨어뜨립니다. 재고해 주시기를 바랍니다. 비정규직의 정규화보다 갑질해고부터 안전하게 지켜주시기를 바랍니다. 갑질해고의 근절을 청원합니다.

해고통보날 공장입구에 크리스마스트리가  happy new year 를 반짝이며 멋찌게 저를 비웃으며 서있더군요.
사내화장실게시판에는 기업의 사회적책임 CSR를 강조하는 명언이 붙어있더군요..

 [본 게시물의 일부 내용이 국민 청원 요건에 위배되어 관리자에 의해 수정되었습니다]"
2020-01-02,2020-02-01,미래,"1,002",인터넷 사기 근절을 위한 지급정지제도 신설 및 사이버수사대 인력보강 및 기구 증설을 청원합니다.,"중고물품을 거래하는 인터넷 사이트에서 사기꾼들이 활개를 치며 사기행각을 벌이고 있습니다.

옛날 사기꾼들은 외모와 언변이 뛰어나야 하지만 인터넷이 발달한 현대에는 중고물품을 거래하는 사이트에서 수집한 사진으로 물품을 등록한 후 피해자들을 카카오톡 또는 문자로 피해자들을 양산하고 있습니다.

또한 이들의 사기는 개별 사기처럼 보이지만 2019년 12월 한달동안 피해자가 무려 1,500명이며 피해금액 역시 10억원을 초과할 것으로 예상되는 대형사기사건으로 이들은 계좌만 105개 이상, 명의 99개 이상, 연락처 60개 이상을 보유한 사기집단입니다.

이들의 사기수법은 다음과 같습니다.

<사기순서>
1. 인터넷 거래 사이트에 카톡아이디 또는 전화번호로 사기물품 등록
2. 피해자가 구매의사를 가지고 접근시 가장 먼저 피해자의 거주지를 질문함.
  ※ 피해자의 거주지가 광주일 경우 울산, 서울이면 강릉 등으로 직거래가 불가능한 지역에 있다고 말함.
3. 카카오톡이나 기타 앱을 이용하여 직거래가 불가능해서 안전결제로 거래를 유도함.
4. 피해자가 안전결제에 대해서 모를 경우 안전결제에 대해서 상세히 설명하면서   피해자가 입금한 금액은 네이버 또는 인터넷 거래사이트에서 보유하고 있으며 결제가 완료된 후 거래완료를 피해자가 승인해야 본인에게 송금된다고 주장함.
5. 카톡으로 네이버 안전결제 가짜사이트를 올림.
  ※ 가짜사이트는 아무런 숫자나 영어(한글은 제외)를 넣어도 로그인됨
  ※ 피해자의 아이디랑 비번을 안 후 피해자의 성명, 주소, 전번, 주소록을 유출시킴
6. 가짜사이트에서 피해자가 로그인 후 주문자 성명과 주소, 전화번호를 기입함(개인정보 유출 및 사기꾼 확인용)
7. 카톡으로 피해자의 성명과 주소가 맞냐며 피해자를 안심시킴.
8. 피해자 1차 구입대금 입금함.
9. 피해자에게 입금내역을 캡처하여 카카오톡 등으로 보내라고 요구함.(인출책에게 전송시키기 위함으로 추정)
10. 피해자가 수수료 포함 미 입금으로 처리가 되지 않는다며 수수료 포함한 금액을 재 입금하도록 요구하며 최초 입금금액은 2차 입금 후 반환처리해주겠다고 함.
11. 피해자 수수료 포함 2차 구입대금 입금
12. 피해자가 수수료 포함 입금하면 네이버페이 반환정책이 변경되어 반환 최저금액(100만원 또는 200만원)이 설정되어 있다며 반환최저금액을 입금하여야 반환이 가능하다고 하며 조작된 반환정책 화면을 전송함.
13. 반환 최저금액에서 1차 입금액을 제외한 잔액 추가 입금을 요구함
14. 반환가능액을 입금할 경우 반환 가능 시간(5분)이 경과로 반환 최저금액이 상승되었다며 2차 반환금(1차 반환입금의 약 2배) 입금을 요구함.
※ 피해자가 반환가능시간내 입금할 경우 수수료가 포함되지 않았다며 수수료 포함 금액 입금을 요구함.
15. 이때 피해자가 피해자가 거래중단하고 1차, 2차 입금액을 포함하여 반환을 요구할 경우 인터넷 안전결제 사이트에서 현금을 보관중이니 주민등록증 또는 주민등록등본이 발급받아서 직접 찾아가 반환신청을 하라고 주장하며 자신은 거래가 중단되어 입금액이 전송되지 않았다며 대화를 중단함.
16. 여성 피해자가 반환을 재차 요구할 경우 얼굴사진을 보내라, 알몸사진을 보내라, 반환해줄테니 나랑 데이트를 하자는 등 피해자를 희롱하거나 얼굴이 이쁘니까 나랑 같이 사기를 치자며 오히려 사기행각을 권유함
17. 남성피해자의 경우 말을 듣지 않는다며 다음 사기에는 너의 계좌로 입금을 시켜 나중에 공범으로 만들겠다며 협박함.
18. 일부 피해자의 경우 피해자로 가장하여 가족, 친구 등에게 현금 이체를 유도함.

<문제점>
1. 중국, 홍콩, 한국의 사기조직이 연합하여 사기행각을 벌이는 것으로 추정
2. 대부분의 사기꾼 계좌는 외국인 명의로 계좌가 개설되어 추적이 어려움
3. 피해신고가 어려운 주말, 휴일에 활동이 왕성함
4. 수사권을 계좌 개설지 경찰서가 보유하고 있어 피해자의 신고 후 서류 이송, 담당 수사관 배정, 은행 지급정지 신청에 상당한 시일(10일 이상)이 소요되어 동일 계좌로 피해자를 양산시키는 추세임
  ※ 최대 피해가 발생한 계좌의 경우 2019. 12. 6. 최초 사건 발생후 최종 발생일까지 21일이 경과하여 피해자만 285명이 발생함.
5. 수사권이 계좌 개설지 경찰서가 보유하고 있으며 계좌 개설지에 각기 달라 수사관의 공조 수사가 어려움
6. 인터넷 사기 신고건이 1일 10건이상 발생하여 해당 수사관의 업무부담이 증대

<해결방안>
1. 보이스피싱 사기계좌 지급정지제도와 같이 인터넷 사기사건 발생시 신고 즉시 사기계좌 지급정지제도 신설
2. 사이버수사대 인력 보강
3. 경찰청 산하 전문 사이버 수사기관 창설
4. 중국 등 외국 수사기관과 협력체계 구축 등이 필요합니다.

피해자 중 한명인 20살 소녀는 3년동안 모은 500만원을 사기꾼에게 강탈당해 사회의 첫발을 시련으로 시작하였으며
이제 갓 신혼의 단꿈에 젖어야 할 부부는 배우자의 20만원의 생일선물을 구입하려다  890만원이 넘는 사기로 생계에 어려움에 처하였습니다.
최근 출산한 기초수급생활자인 엄마는 젖병소독기를 구입하려다 사기를 당하는 등 이 사기조직의 사기행각은 치를 떨 정도로 잔인하며 피해자들의 카카오톡 프로필을 자신들의 사기행각에 이용하는 한편 피해자들의 개인정보(성명, 전화번호, 주소)를 또 다른 보이스피싱 조직에 판매할 정도로 악랄합니다.

빠른 시일내에 인터넷 사기계좌 지급정지 제도 신설 및 인터넷 강국에 걸맞는 사이버수사대 증설로 사기조직 근절 및 건전한 인터넷 거래 문화가 정착되길 바랍니다."
2020-01-02,2020-02-01,일자리,565,필리핀 인도네시아 베트남 무비자 제주도 관광 입국과 내륙5일 체류 반대합니다.,"국민의 의견과 미래를 제대로 보지 못한  졸속 선심 외교 정책입니다. 되돌릴 방안을 찾읍시다.

제주도정 추산 1만4천명이상 불법 중국인 취업 제주도 . 법무부추산 38만명 불법 체류 노동자. 현실100만추정.

관광제주  목표로 제주 특별자치도 무비자 허용하고 남은건 불법체류 중국인 뿐입니다. 

아직 중국 눈치 보느라 불법 중국인들 처리도 못하면서 이젠 동남아인 까지 받아들입니까?

이번 조치는 그냥 한국인들도 보호 못하면서  니들 들어와서 불법 체류 노동 하라는 승인입니다.

필리핀 베트남 인도네시아에게 길을 터주면 미얀마 캄보디아 말레이시아 라오스 태국에게도 같은걸 해줘야하는게 

타당하고 한번 해준건 되돌리기 어렵습니다.


저 출산율로 외국인 받아야 한다 해도 좀더 똑똑하게 받아 들입시다. 우리에겐 아직 시간이 있습니다.

무분별하게 그들의 통행을 자유롭게 해서 불법 체류 고용자들 만들지 마세요.

차라리 동남아 각국의 엘리트들 산업 연수를 합법적인 범위내에서 대폭 확대해주고 일단 돌아가게 만든후 한국에 

필요한  그나라에서 인재 교육을 시켜 데리고 오세요. 

또한 민족의 정체성을 훼손할 만큼의 그들 가족도 수용도 하지 마시고 불법 체류 

노동자들에겐 법무부뿐아닌 경찰청까지 확대해서 수사권까지 주세요.

그리고 대한민국 미래를 꼭 우리보다 못사는 후진국 사람들로 채울 필요가 없습니다.

우리보다 잘사는 나라들에게 한국의 고용시장 개방하고 기업들 탈한국화 같이 막아주면 될것아닙니까?


다시 한번 말씀드립니다.

금번 동남아 3국 제주도와 내륙5일 무비자 체류 반대하며 대신 산업 연수생 확대로 그 대처 방안을 찾길 바랍니다."
2020-01-02,2020-02-01,기타,314,군산보복폭행  피해자는 억울합니다.,"2019.2.5일저녁7시40분경 남자친구와 남자친구가족들과 집앞치킨집에갔습니다.약 치킨을주문하고 기다리고 있던중 모르는남자한명이 우리자리앞까지 와서 훑어보고가서 술취해서 그려려니하고 대수롭지않게생각했습니다.약5분후쯤 다시우리자리로 오더니 갑자기남자친구이름까지 호명하며나오란것입니다..우린당황해서따라나갔고 나가자마자 어디론가데려가려고 따라오라는것을 안따갔고 그때부터 온갖욕설에 계속 본인후배에게 싸움을 부추겼습니다.우리는답답해서 도대체 이유도 모르는데 왜그러냐고?소리도질러보았지만 대답은커녕 욕만돌아올뿐..
제가급해서112에신고하고 제폰으로 영상촬영을하자.가해자가 내폰을뺏으려고 내어깨를밀쳤고 두번째로 가해자후배또한 내부모욕까지하면 같은방법으로 어깨를밀쳤습니다.영상을찍다가 너무무섭고당행해서 중간에찍질 못해서한이맺칩니다.남자친구어머니는 옆에서지켜보시다가 놀래서 그만하라고한것뿐인데 가해자는 어머니께도 욕설을퍼붓는일도있었고 남자친구형님또한 우리를 막아주느라 가해자가미는바람에  밀려서 넘어질뻔한적도있었고 남자친구형수와 어린조카애들두명은 겁에질려 벌벌떨고 있었으며 우린아무런명분없이 당하고만 말았습니다.
그런데 지금부터가 시작였습니다.영상에 맞았다는말과 정확히 어깨맞은장면이안나왔다며 증거가불충분했다고하고 경찰조사하던중 지역사회니 왠만하면 좋게합의하라는등..나는피해자가아니라는등..그자리없는이름을 데고 xxx알죠?다 아는사람이에요..라는 말을하고 비아발언도하였습니다.두사람이 키도크고덩치도커서 때리면 저쪽가해자는 맞아죽을것같다는등..어머니도욕먹으셨는데 고소가되냐고묻자..형사는 어머니도 이일에 끼어들이시게요?라는 말도안되는 말을했으며 나는 청문감사실가서 조사관을교채했습니다.하지만 교채해서 제조사를원했는데 대채어디서부터가 잘못된것인가요?바뀐형사도마찮가지였고 검사실넘어가서는 우리쪽을걱정해주시더니 중간에 조사관이바뀌고 또다시 우리되려 가해자가 된기분이었습니다.상대방은 20여년전에 여고생살인용의자공범입니다.전이미 알고있었기에 무서웠고 또다시보복을당할까바 두려웠습니다.전어깨진단3주에 수술을생각중이며 정신과치료또한 6개월째 치료중입니다.저는 보디빌더선수였습니다.한가정의 엄마입니다.하지만 그일로 선수생활도 못하게되었고 제꿈은 여기서끝이났습니다.자살시도도해봤지만 아이들생각에  또다시그런짓하면 나쁜엄마가되고 우리아이들마저 힘든생활을 하고살아왔습니다.남들처럼열심히살고 나보다 더어려운사람들돕고살아왔습니다.이유없는명분으로 시비걸고 증거불충분으로 한가정을 피패하게만들고 
정상적인생활을 못하고살아왔는데 어떻게 법이그럽니까?정황들은 왜안봅니까?경찰차가 신고당시 왔는데도 불구하고 가해자는 온몸에문신을한채 위퉁을벗으며 우리에게 사지를찢어죽인다고까지 하였고 우린그말이 진심으로 다가왔습니다.왜냐하면 그사람은 이미 살인전과가있기때문에 진심으로다가왔습니다.결론은 1년간기다렸는데 증거불충분이라는 불기소라니요..어떻게이럴수있습니까?어떻게 아무런죄가없단말입니까?그러면 그가해자에게 무슨 신고를 해야 기소가 되는겁니까?이대로 풀린가해자는 기고만장하고 돌아다니고 있습니다.왜 피해자들은 계속 피해 돌아다녀야됩니까?파출소.경찰.검사쪽은 우리말을 들어주지않았습니다.이거 낱낱히 파헤쳐 주십시요.어디서부터 잘못됐는지..
불기소이유처분서떼어보니 내가말하지도 않은말까지 적어놓고 조사관을 바뀌기전에 잘못된 내용들마저 적혀있었습니다.그게말이됩니까?왜 내가하지도않은말까지 적어논답말입니까?대한민국 경찰.검사들 어디믿고 신고하겠습니까?피해자는 계속피해를 당하고살아야된다는말입니까?아니면 그냥맞서싸워야된다는 말입니까?제발 제억울함을 풀어주세요.
저희가족들은 작년 설날을 잊을수가없습니다.곧설날이 다가오는데 심장이 벌렁거려요.정신과약과 정형외과약으로 그만먹고살고 싶습니다.사건종결이됐는데 전아무런힘이없습니다.다른증거를 가져오라고하더군요.남자친구와 남자친구가족들은 증인이 왜안되는건가요?가해자는 절친과 치킨집이당골손님이라는 치킨집사장님이 증인섰다는데
우리는 왜안되는건가요?우린 시시카메라도 보지못했습니다.가해자는이미봤다고합니다.어떻게우리나라는 피해자를위한법입니까?가해자를위한법입니까?꼭!사람이죽어야  믿나요?
반드시 보복은 일어날껍니다.왜피해자가 피해다녀야되나요?
보복당하면 그때또신고하라는 경찰들의 무책임한말...정말 본인가족이라도 이렇게 불기소로 종결시킬것인지 궁금합니다.지금까지
있는사실대로말했으며 못한얘기도 많지만 나는피해자이고 이사건종결에대한 처음부텅잘못되었기에 군산이아닌 모르는조사관에게 다시받고싶습니다.군산이 지역사회라 가해자아버지가 교도관이셨다는말도들었습니다.그러면 힘없는 저는 억울하고 매번당하고만 살아야되나요?
국민여러분 저는피해자입니다.더이상 다른피해자와 보복이이뤄지지않게 도와주세요.더 황당하건 분명히 나는신고하고 고소하시겠어요?라는경찰분말씀듣고 네~~라고대답하고 진술하고 그랬는데 난 고소인이 아니라 참고인으로 되있더라구요.남자친구는 고소인..나는 참고인..어떻게 이럴수가있는거죠?너무억울해서 매일악몽을 꿉니다.국민여러분 이일이 내일이라고 생각해보세요.제억울함을 풀어주세요..반드시 잘못된부분은 
바로잡아서 가해자는 기고만장하게 돌아다니지않고 벌을받는게 맞다고생각합니다.평상시행실은 ?아이들에게 함부로욕하고 폭력적이라고 하네요..군산사람이면 손바닥이라 알만한사람은 알겠지요..
가해자 지인분이 가해자에게 그냥하고싶은대로해~~니가깜방한두번가냐?라는말을 했답니다.녹취내용까지 첨부했는데 누락된부분들도 너무많았습니다.답답합니다.너무억울합니다.이게 합법적이라면 아무나지나가다가 시비걸고욕하고 시시티비안보이는 곳에서  때려도 아무런죄가아니라는 것입니까?그러면 경찰신고당시 경찰은 가해자 신원조회를하지않았습니다.파출소가서 저에게물어보는건 뭐죠?
이게말이됩니까?국민여러분~~저는 억울합니다.이일이 내일이고 내가족일이라고 생각해봐주세요.저는힘도없고 백도없습니다.이렇게라도 제조사를해서라도 제가피해받은사실에 대한 죄값은 받아야된다고생각합니다.저 살인전과자를 어떻게 그냥둡니까?보복이 이뤄지기전에 잡고십습니다.또다른피해자가 나오지않길 바랄뿐이구요..국민여러분에 한표한표가 소중합니다..부탁드립니다.저의억울함을 풀어주세요."
2020-01-02,2020-02-01,경제민주화,473,** 자산 운용 비리에 대하여 즉각적인 수사 진행을 해야 합니다.,"국내 최대의 헤지 펀드운용사 '**자산운용'  경영자들의 도덕적 해이를 고발합니다.

고객들의 돈을 모아 비우량 회사들에 투자하여 고객들에게 막대한 손해를 끼쳤습니다.

또한 부사장이라는 사람은 **자산이 투자한 회사의 주가조작에 직접 개입하여 회사에 막대한 손해를 

끼친뒤 법윈 영장심사날 잠적하였습니다. 부사장의 국적은 ***라고 합니다. 

그렇다면 과연 부사장의 단독범행일까요? 

어제 이 회사가 미국의 다단계 폰지 사기에 휘말려 고객돈 수천억원의 손실이 예상된다고 기사가 나왔습니다.

과연 **자산웅용은 단순 피해자일까요?

우선적으로 부실과 다단계 사기인것을 인지하고도 지속적으로 판매했다는것은 심각한 도덕적 해이입니다.

당장 대한민국 검찰에서 움직여야 합니다.

검은머리 외국인 임원의 도주를 방관하는것은 아닌가요?

은행의 권유로 이곳에 투자하신 분들은 무슨 잘못인가요?

꼬리자르기식으로 검은머리 외국인에게 책임전가 하지 마시고 제대로 된 수사를 촉구합니다.

 [본 게시물의 일부 내용이 국민 청원 요건에 위배되어 관리자에 의해 수정되었습니다]"
2020-01-02,2020-02-01,인권/성평등,"219,705",성 착취 사건인 'n번방 사건'의 근본적인 해결을 위한 국제 공조 수사를 청원합니다.,"웹하드, 단톡방에 이은  'n번방'을 아십니까?

지난 2019년, 불법 영상물과 관련하여 웹하드 업체와 필터링 업체, 디지털 장의 업체 간 유착 관계가 형성되어 이득을 취하는 이른바 '웹하드 카르텔', 그리고 유명 연예인이 단체방에서 불법촬영물을 유포한 '단톡방 성착취물 공유 사건'이 있었습니다.
이 두 사건이 공론화되며 사회는 큰 충격에 빠졌고, 디지털 성범죄에 대한 경각심을 갖게 되었습니다.
그러나 웹하드 카르텔이 붕괴되고, 단체방을 통한 성착취물 공유 행각에 대한 처벌이 이루어지자 가해자들은 또 다른 유통 경로를 찾았습니다. 바로  텔레그램(Telegram)입니다.

텔레그램은 독일 Telegram Messenger LLP 사가 개발 및 운영 중인 인터넷 모바일 메신저입니다.
이 텔레그램을 통한 성 착취의 시초는 지난 2월 개설된 'n번방'입니다.
n번방이란 피해자의 신상 정보와 성 착취물을 공유하기 위한 목적으로 개설된 텔레그램 비밀방을 의미합니다.
가해자는 텔레그램에 비밀방을 개설하여 피해자들의 신상 정보와 성 착취물을 공유하고, 이를 블로그에 실시간으로 홍보합니다. 홍보글을 보고 연락을 하는 자에게 문화상품권, 기프티콘, 현금 등을 받고, n번방의 링크를 공유합니다.
이는 성폭력범죄의 처벌 등에 관한 특례법 제 14조 2항에 근거하여 명백히 범죄 행위입니다.

가해자들이 피해자들의 신상 정보와 성 착취물을 얻게 되는 방식은 다음과 같습니다.
첫째, 먼저 트위터 해킹 코드를 피해자에게 보냅니다. 코드에 접속을 하면 트위터의 로그인 창이 뜨며, 피해자는 다시 로그인을 하게 됩니다. 로그인이 이루어지면 해당 계정의 아이디(ID)와 패스워드(PW)가 가해자에게 전송됩니다.
둘째, 해킹한 트위터 계정을 통해 트위터에 계정에 등록된 전화번호, 이메일, 지역 등을 확보합니다.
셋째, 경찰을 사칭하여 피해자의 신상 정보로 협박하고, 사진 및 영상 촬영을 강요합니다. 사진과 영상은 가학적인 성관계, 변태적 행위, 고문 등의 내용입니다.
즉, 피해자는 자신의 의사와는 전혀 무관하게 해킹으로 인한 성 착취를 당하고 있는 것입니다.


n번방은 시초일뿐, 유사 n번방이 우후죽순 생겨나고 있으며, 수많은 피해자들이 고통받고 있습니다. 이 사건의 피해자에는 아동 혹은 청소년인 미성년자 또한 포함되어 있습니다.  피해자들은 자신의 신상 정보가 알려질 두려움과 우려에 신고를 하지 못하고, 사진과 영상물은 빠르게 전파되어 피해자들은 지울 수 없는 상처를 남깁니다.

이 참담한 사건을 해결할 수 있는 방법은 문화상품권 거래,  현금 거래 등으로 인해 남겨진 흔적을 추적하거나 혹은 근본적으로는 실시간으로 개설되는 n번방들을 찾아 수사하는 것입니다.
그러나 텔레그램은 국외에 서버가 있고, 보안이 강력하기 때문에 국내 경찰이 추적하거나 수사하기 쉽지 않습니다.




따라서 위와 같은 사건을 'n번방 사건'이라 명명하며,  해당 사건의 근본적 해결을 위한 한국/독일 간 국제 공조 수사를 청원합니다.

국제 공조 수사는 오래 걸리고 절차가 까다로우나 이를 통하여 디지털 성범죄 문제를 해결한 전례가 없지 않고, 이와 같은 사건을 근절할 수 있는 가장 효과적인 방법입니다.
지난 2016년 국내 경찰청은 국내 최대 음란물 공유 사이트인 '소라넷'의  서버를 폐쇄하기 위하여 네덜란드와의 공조 수사를 추진하였고, 핵심 서버를 폐쇄하는데 성공하였습니다.
2017년부터 대한민국의 경찰청은 미국 국토안보수사국, 영국 국가범죄청 등 32개국의 기관과 함께 다크웹 음란물 사이트를 공조 수사하여 그 결과로 2019년 해당 사이트를 폐쇄하고 300여명을 검거한 사례가 있습니다.
또한 2018년 SNS '텀블러'를 통해 불법촬영물이 유포된 사건을 해결하기 위하여 텀블러의 본사가 위치한 미국 당국에 형사사법공조를 요청하여 국제 공조 수사를 추진한 사례가 있습니다.
n번방 사건 역시 국제 공조 수사로 해결될 수 있습니다.



우리의 방관과 무관심 속에서 피해자들은 끔찍한 고통과 눈물의 나날을 보내고 있습니다. 
n번방 사건의 근본적인 해결을 위한 국제 공조 수사를 청원합니다."
2020-01-02,2020-02-01,정치개혁,"1,872",《공수처장은 국민이 추천하고 국민이 뽑아야 합니다.》,"통과한 공수처법 중,
1.""공수처장은 추천위원회 7명 중 6명의 찬성으로 결정""하는 것은 문제입니다.
야당 추천 위원 2명이어서, 야당이 끝까지 반대하면 '공수처장 최종 후보'가 되기 어렵습니다.  향후 발목잡기를 막을 수 없습니다. 

2.
""추천위가 최종 후보 2명을 정하면, 대통령이 1명을 선택하고, 이후 국회 인사청문회를 거쳐 임명하는 절차""는 아닙니다.
지금까지 막강하게 권력을 휘두른 자들을 감시하고 수사해야 하는데,  지들 입맛에 맞는 후보자를 지들이 추천하고, 수사대상인 대통령이 선택하고, 가장 적폐요 국민의 주권을 유린한 국회의원들이 청문회에서 결정하는 것은 말이 안됩니다.

3.
최초 공수처장은 국민이 국민투표로 결정하는 것입니다.

1) 
국민들이 다수로 추천한 후보를 다수로 TV앞에서 토론방식 국민청문회로 가야 합니다.
2) 
4.15 총선에  맞춰 국민청문회에서 결정된 3인 중에, 국민투표로 뽑읍시다.
3)
제2기 공수처장부터는 TV앞에서 국민청문회를 하고, TV를 본 사람 중 무작위로 1만명을 추출해 투표로 결정된 사람으로 가자는 것입니다.

TV를 보지 않은 사람까지 투표를 하면, 왜곡될 수 있고,
여론조사 1000명으로도 95%의 신뢰도가 있기에, 전혀 조작이 불가능한 블록체인 투표로 가면, 국민의사의 99.999%에 근접합니다.

지금 이대로의 공수처법은,
주권이 국민에게 있는게 아니라, 권력을 위임받은 대의자들이 또 다시 권력을 휘두릅니다.
또 다시 국민을 공수처장을 대상으로 촛불을 들게 거리로 내몰 소지가 많습니다. 윤석열검찰총장이 아무리 촛불를 들어도 꿈적하지 않는 재판, 재연할 수 있습니다."
2020-01-02,2020-02-01,기타,713,전북대 수의대생 이윤희양 실종사건 해결을 위한 단서가 발견됐습니다.,"언제나 존경하는 대통령님

전라북도 지역에서는 가장 유명한 미제사건 중 하나인 전북대 수의대 이윤희 양 실종사건은 사건발생일 2006년 6월 6일 이후 현재까지 그 어떤 실마리도 남기지 못한 채 해결을 못하고 있습니다.
 장래가 촉망받던 수의학도가 사라진 이 후 현재 80이 넘은 실종자의 아버지는 딸을 찾기 위해 몸부림을 하고 계십니다.
 단순가출인가 살인사건인가를 놓고도 뚜렷한 증거부재로 혼란을 겪었지만 최근 방영된 시사프로그램 그것이 알고싶다의 방영으로 인해 사건 해결에 새로운 희망이 생겼습니다.
 프로그램 시청 중  수첩을 비춰준 화면에서 범인이 남겼을지 모르는 필적을 발견됐다는 소식이 네이버 그것이 알고싶다 까페에 알려졌습니다.
 그 수첩은 실종자 이윤희양의 실종 시 분실된 상태였고 사건 발생 후 열흘 경이 지나 전북대 수의대 실험실에서 발견된 것입니다. 
  이윤희 양이 실종되기 전날 수의대 2층 수술실에서 마지막 수술실습인 심폐소생술이 진행되었고, 윤희양의 수첩 왼쪽에는 심폐소생술 요령이 담긴 메모가 있습니다.
  그 메모 옆 오른 쪽 페이지에는. 윤희양의 실습장소와 다르게 “1층수술실 심폐소생술”이란 글씨가 있으며 실제로 수첩은 실습을 끝낸 2층이 아닌 그 글씨대로 1층수술실에서 발견됐습니다. 따라서 수사초기에 이 수첩과 관련하여 이윤희 양이 실습 후 떨어뜨린 것으로 보고, 또한 발견된 수첩이 윤희양의 실종시 들고간 게 아니라는 이해할 수 없는 증언이 받아들여져서 수첩수사는 종결되었습니다.
 그러나 “1층수술실 심폐소생술” 필체는 방송에 나타난 바 평소 이윤희양의 필적과 상당히 다르고 이 의견은 네이버 까페의 많은 사람들의 지지를 받았습니다.

 죽기전까지 딸을 꼭 찾고 말겠다는 아버님의 결심과
 범인을 꼭 잡고 말겠다는 아버님의 말씀에
저는 그분의 가족이 아니지만 마음이 너무 아프며
 사건해결에 아주 조금이라도 기여하고자 이 글을 씁니다.

 존경하는 대통령님
 제가 두려운 것은 다시 아 사건이 묻혀버리는 것입니다.
딸을 잃은 고령의 아버님이 13년간 찾아 헤매었지만
해결을 못보고 돌아가실까 걱정이 됩니다.

존경하는 대통령님
수첩에 남긴 필적과 조사받은 용의자들의 필적 대조 부터 꼭 이루어지게 도와주세요
 저는 아버님의 한 맺힌 가슴이 조금이나마 위로받길 기대하는 아주 평범한 시민입니다."
2020-01-02,2020-02-01,안전/환경,182,제주도내 소방안전시설 가스안전시설 점검강화 요청합니다.,"안녕하십니까
저는 제주도내 소방관련업에서 근무를 하고 있습니다
다름이 아니라 제주도내에 소방안전시설 가스안전시설에 대해 말씀드릴 게 있습니다
일단 얼마전 제주도 게스트하우스에서 큰 가스사고로 투숙객 여러명이 중상을 입는 피해가 발생하였습니다
이러한 사고들은 갑작스럽게 일어나지 않습니다
지금까지 제주도 전지역을 다니며 소방시설 가스시설을 점검한 결과 부실시공 및 무자격자들의 시공이 너무나 많고
특히 안전시설관리가 이뤄지지 않고 있습니다
각 건물에는 소방안전관리자가 지정되어있지만 매달 비용만 받아가며 관리를 전혀 하지 않습니다
사고에 취약한 다중이용업소 , 공동주택 , 일반식당 , 사기업 등 대부분 정상적인 소방시설을 갖춰져있는 곳을 찾기 힘들정도입니다
이러한 내용은 전문가만 알 수 있는 입장이라 아무리 담당자 및 관리사무소에 설명을 드려도 개선이 되질 않습니다
심지어 제주도내 소방안전본부, 소방서 , 가스안전공사 , 도시가스 , 시청 , 소방방재, LP가스공급업체 등 여러곳에 2회 이상 민원을 넣었지만 
개선점에 대한 내용을 회신 받지못하였습니다
소방안전본부는 화재안전특별조사팀이 있지만 정확한 점검을 실시하지 않으며 점검을 나가도 대부분 그냥 눈감아주고있는 추세입니다
개인의 민원은 받아드려지지 않는 것 같습니다
제주도에 천연도시가스 사업으로 각 아파트에 설치되어있는 의무 소방시설을 주민도 모르게 임의철거를 하였는데
소방서와 도시가스에서는 이상없이 사용필증이 발급되었습니다
참 이상한 일입니다..
제주도 시민의 안전을 책임져야 할 공기관에서는 직무유기를 하고 있습니다
가스안전공사와 도시가스에서는 점검원분들이 점검은 오지만 점검에 필요한 제품들은 정작 가지고 다니질 않습니다 
도대체 어떻게 점검을 한다는 걸까요? 점검도장만 찍고가는 점검은 더 이상 없어져야합니다
한번은 이러한 경우도 있었습니다
초등학교 급식실에 설치되어있는 소방가스안전제품이 고장이 생겨 정상적으로 작동되지않았으며 심지어 LNG가스를 감지하는 LNG용 가스경보기가 달려있었습니다
제주도에 LNG가 공급되는 시설이 있을까요? 아직 천연가스가 들어오기 전 입니다
10곳을 점검을 다니면 8곳 이상 문제가 있습니다. 대부분 가스공급업체에서 비전문가가 설치를 하기 때문에 정상작동을 기대하긴 힘들겠지요..
그동안 제주도는 화재사고나 가스사고가 발생되도 아무런 조치가 없었습니다
LP가스공급업체들은 계약상 가스안전시설이 고장이나거나 이상이있어도 절대로 고쳐주지 않습니다
이유는 간단합니다
고쳐주려면 회사 돈이 나가기 때문에 알면서도 모른척 넘어가는 경우가 대부분입니다
가스사용량이 적은 개인사업체 경우, 전통시장에 있는 시설들은 거의 정상작동 안할거라 생각됩니다
정말 제주도는 안전시설에 정말 취약한 지역인 것 같습니다
아무리 특별자치도라 하지만 여기에도 수십만 인구들이 거주하고 있고 육지와 다를 것 없는 같은 대한민국입니다
각 종 뉴스와 포털사이트에 겨울철 대비 , 명절 대비라며 안전시설을 공기관에서 점검한다고 기사는 나오지만 실태를 자세히 들여다보면 
아무것도.. 정말 아무것도 하지 않습니다.."
2020-01-02,2020-02-01,반려동물,"2,528","사설유기견보호소, 정부가 책임져야 합니다.","사설유기견보호소, 정부가 책임져야 합니다.


반려동물 1천만 시대입니다. 반려동물 산업은 이미 우리 일상에 깊이 자리했고 생산업, 경매업, 판매업, 사료업, 용품산업, 동물병원, 동물보험업 등 전반에 걸쳐 급속 성장을 하고 있습니다. 그러나 급속하고 화려한 성장 이면에는 매년 유기되는 동물이 10만 마리가 넘는 현실이 존재합니다.
10만이라는 숫자는 유기되어 구조 된 후 국가시스템에 보고된 유기동물입니다.
그외 숫자에 포함되지 않은 더 많은 유기동물이 구조, 보호되는 곳이 있습니다. 바로 사설보호소입니다.

사설보호소는 국가에서 해결해야할 일을, 오롯이 개인이 헌신으로 동물을 살리고 보호하는 곳입니다.
버려지고 학대당하고, 일일히 나열하기 힘들 정도로 기구한 사연을 가진 유기동물들을 구제하여 상처를 회복시키고 새 삶을 얻을 수 있도록 노력하는 곳입니다.

대한민국의 사설보호소는 유기견의 사회적 문제 해결을 개인이 떠맡아서 하고 있으나, 지원받는 일은 요원하여 늘 살림이 어렵고 고달픕니다. 
시간을 쪼개 식당 허드렛일과 아르바이트를 하며 보호하고 있는 동물들을 굶기지 않기 위해 , 한 끼의 사료를 구하기 위해 소장님들은 하루 하루 식사도 거른채 쪽잠을 자고 있습니다.
정작, 보호소들을 더 어렵게 하는 것은 각종 규제 때문에 폐쇄 위기에 놓여있는 사설유기견보호소들이 대부분입니다.
쌓여가는 폐쇄 독촉장과 벌금 그리고 통장과 구조차에 대한 압류 등등은 동물들을 살리기 위해 살엄음판 같은 세월을 견뎌야 하는 유기동물보호소를 더욱 어렵게 하고 있습니다.


이에, 정부에 요구합니다.


더 이상 지금의 현실을 좌시하고 있을 수 없습니다.
2019년 3월 정부는 연구용역을 통해 ‘사설유기견 보호소 실태조사’를 마쳤습니다.
아마도 그 실태조사를 통해 보호소들의 어려운 점을 잘 알고 있을 것입니다.
그 연구용역을 바탕으로 사설유기견보호소에 대한 체계적인 지원을 정부에 요청합니다. 
사설유기견보호소가 없다면, 어차피 국가가 책임져야 할 동물이기 때문입니다.

우리는 다음과 같이 농림축산식품부에 최소한의 요구를 합니다.

첫째, 사료가 부족해서 굶는 유기견들은 없어야 합니다. 적정의 사료를 지원해야 합니다.
사회빈곤층을 위한 쌀지원 과 같은 특정 지원대책을 마련하십시오.

둘째, 자체 번식이 없도록 중성화 수술을 적극 지원해야 합니다. 
사설유기견보호소들의 유기견은 자체적 번식으로 인해 개체수가 늘어나는 고통을 받고 있습니다.
열악한 재정으로 중성화수술과 치료가 늦어져 개체수가 증가하는 악순환의 고리를 정부가 해결해야 합니다.

셋째, 각종 규제로 폐쇄 위기에 놓인 사설보호소들을 구제해야 합니다. 유기견보호소는 가축사육제한, 건축법, 농지법 등 각종 규제 법안으로 많은 보호소들이 폐쇄위기에 놓여 있습니다. 유기견보호소는 사육시설이 아닌, 구조 및 치료를 위한 보호공간으로 규제법안 적용에서 예외 시킬 것을 강력히 요구합니다.
각 부처와 협의하여 사설보호소 운영 지침을 만들어, 규제에 의해 폐쇄되는 보호소가 없도록 해야 합니다. 

몇 포 남지 않은 사료를 바라보며 한 겨울 한끼니 먹일 걱정을 하는 전국의 많은 사설유기견보호소 소장님들의 헌신에 귀기울여주시길 요청합니다.   


연서명 : 개박사네집, 거제쉼터, 경주캣맘협의회, 광주동물보호협회 위드, 광주광역시캣맘협의회, 꽁꽁이네 보호소, 군산동물사랑, 군산 유기동물 보호소, 김해동물보호연대, 나주 천사집보호소, 남수애견농원, 남양주유기견보호소, 동물보호밴드 집으로, 동물보호단체 행강, 동물의소리, 동물을위한행동, 동물권혁명캣치독팀, 동물구조119, 동물복지문제연구소 어웨어, 동행세상, 똥강아지 보호소, 마석보호소, 부산동물사랑길고양이보호연대, 사단법인제제프렌즈, 생명존중파랑새, 생명체학대방지포럼, 서대문구길고양이동행본부, 서울숲캣돌보미, 세이브코리안독스보호소, 시니어펫, 시흥엔젤홈 유기견보호소, 일산보호소, 익산하얀강아지보호소, 월간비건, 엔젤독스, 유기동물과함께나누는사랑나눔터, 자립형구호단체착한기부상점, 자립형유기동물구조단체공존, 장성금동이보호소, 재롱이네 보호소, 전국동물활동가연대, 진해유기견행복의집, 찡가네쉼터, 콩할매보호소, 여미지보호소,  채식평화연대, 청솔 견공서원, 청도 보호소, 청양 똘이네, 팅커벨프로젝트, 포항동물사랑회, 한국동물교감전문가협회, 한국동물보호연합, 한국아난다마르가 명상요가협회, 한국유기동물복지협회, 허공 보호소"
2020-01-02,2020-02-01,정치개혁,605,검찰 행태를 개탄하며 국민 여러분들의 도움을 요청합니다,"저희 아버지는 90년도때 중국정부와 중국에 사업을 하셨습니다 중국 사업을 하면서 많은 인맥과 친분을 쌓아온 중국인 친구분들이 많이 있었습니다 지금까지도 인맥과 친분을 유지해 오시고 있습니다. 저희 아버지는 2011년경 고교동창이신 친구분께서 자기 친동생이 **핫도그 대표이사인데 중국쪽에 **핫도그 중국지점을 개설을 하려고 하는데 고생을 하고있다고 하여 중국쪽 인맥과 친분이 많으신 저희 아버지한테 부탁을 하였습니다. 그래서 저희 아버지는 **핫도그 대표이사와 만남을 가지시고 회의를 하시고 중국에 직접가셔서 인맥을 동원하여 **핫도그의 대한 사업설명을 중국 친구분들한테 하셨고 그 중국 친구분들이 상당이 가능성 있는 사업이라고 생각하여 연락을 1년동안 주고받고 하였습니다. 사업 진행 과정에 **핫도그 총판권을 저희 아버지의 한테 주기로 하였고 본격적으로 사업이 진행되어 저희 아버지는 제빵 기술교육도 받고 여러모로 노력을 다 하였습니다 중국인맥으로 통해 **핫도그 중국지점 사업을 추진을 성사 시켰습니다. 하지만 사업중간에 아버지가 소개해준 중국인 투자자와 **핫도그 측과 뒤에서 모종의 거래가 있었습니다 그리하여 저희 아버지는 사건을 서울중앙지법에 고소하였고 고소를 하고 기다리고 있는 와중에 사건이 수원지법으로 이관되어 수사가 되고 있었습니다. 어느날 경찰서에서 저의 아버지한테 연락이 왔습니다 조서 받으로 오시고라고 .. 저희 아버지는 조서를 받으러 경찰서에 갔고 조서를 받는 중에 **핫도그측 과 저희 아버지간의 양해각서 , 라이센스 사용권 등 체결한 서류등의 직인은 자기들이 찍은게 아니다라고 하였다고 합니다 그래서 저희 아버지는 경찰관 분께 그럼 **핫도그측 이나 저희 아버지 중에 거짓말을 하고 사문서위조를 하고있는것이니 대질심문을 하면 되질 않겠나 라고 얘기를 하였고 그 경찰관분도 그럼 되겠내요 라고 대답을 하시고 조만간 대질심문을 할꺼라고 말하였다고 합니다. 어느 정도 시간이 흘러 저희 아버지는 사건이 어떻게 되가는지 궁금하여서 담당 경찰관 분께 전화로 문의를 하였더니 검사측에서 불기소로 사건을 종결했다는 얘기를 하였습니다. 서로 엇갈린 주장을 하는 와중에 대질심문도 안하고 불기소 처분과 처음 사건을 서울중앙지법에 고소하였는데 수원지법으로 이관된것과 항소 및 재정신청까지 하였는데 권력으로 법을 무시 하였습니다. 너무 저희 아버지 억울하여 이렇게 국민청원에 올리게 되었습니다. 사건을 제대로 수사하지 않고 그냥 덮어버리고 명백이 서로 엇갈린 주장을 하고있는데 사건을 무마하려는 게 너무 답답하고 억울합니다 부탁드립다 다시 재수사 하여 저희 아버지의 억울함을 풀어드리고 싶습니다 저희 아버지는 이 수사과정을 지켜보고 사건이 터무니 없이 종결된것과 항소 및 재정신청을 받아주지 않는 우리나라의 법 현실이 개탄스러워서 매일 술과 우울증으로 정신과 치료를 받고 계십니다 정말 부탁드립니다 다시 재수사 할수있도록 여러분께서 도움좀 주십시요 ..."
2020-01-02,2020-02-01,교통/건축/국토,"1,380",일본이 대마도를 우리나라에 반환할 수 있도록 해주세요.,"ㅡ 우리 대한민국의 영토 ㅡ

#대마도(#對馬島)'
(부속섬포함 708.5km*)

대마도'가 한국 영토이며 한국이 반환 받는데 국제법상 문제될 것 이 전혀 없다는 사실을 아십니까?
1592년' 도요토미 히데요시'의 명령으로 일본인 '구기'가 제작한 '조선팔도총도'에 '울릉도'와 '독도'가 그려져있고 '대마도'가 경상도 에 속한 것으로 그려져있습니다.
또한 1830년 일본에서 만든 '조선국도'에도 울릉도,독도, 대마도가 조선 영토로 그려져 있습니다.

그런데 일본은 스페인, 영국 등 서구 근대 세력들의 해양 영토 약탈 시기인 임진년과 식민지 시기에 연이어 한국 의 불행한 소용돌이를 이용해서 '대마도'를 슬그머니 도둑질한 후 1871년에 일방적으로 '이스하라현'으로 그 후 1876년에는 '나가사키현'에 편입후 아예 자기들 영토 로 삼아 오늘에 이르고 있습니다.

'독도'는 역사적으로 신라 때 '이사부' 장군이 점령 접수 했고,일본 메이지(明治)때 태정관지령(太政官指令) 에서도 '독도'는 일본 영토가 아님을 인정했다는 사실을 일본도 잘 알고 있습니다.
그런데 저들이 왜 이렇듯 독도 시비를 멈추지 않고 있을 까요!

이유가 있습니다.

바로 '대마도'가 한국영토로 거론이 불거지는 것을 막기 위한 고도의 작전인 것입니다.
'대마도'가 한국영토라는 사실이 거론되는 것이 두려운 일본은 이것 을 막기 위해서 '독도'가 자기네 땅이라고 시비를 걸고 있는 것이죠.
'對馬島本是我國之地' ('대마도'는 본시 우리땅이다.) 라고 '세종대왕'이 선언한 것을 실록에서 기록하고있는 글귀이며 '대마도' 란 지명은 마한(馬韓)과 마주보는 땅 이라 하여 우리 선조는 '대마도' 라 명명하였던 것입니다.
역사적으로 조선 조정(한국)은 어떤 형태로든 일본에 '대마도'를 넘겨준 일이 없습니다.
도둑질한 '대마도'를 두고 식민지시대를 거치면서 '대마도'는 일본 땅이라고 한국인뿐만 아니라 그들 후손 자신에게도 세뇌(洗腦) 당하였던 것입니다.
우리는 그 세뇌 작전과 특히 조작된 일제 식민사관에 젖어 지금까지 '대마도'는 일본 땅이라고 여기고 살았던 것이죠.
미치고 팔딱뛰고 통탄할 일이 아닙니까?

'이승만' 초대대통령은 1948년 8월 15일 대한민국 정부 수립을 선포하고, 불과 사흘 후 8월 18일,
""역사의 진실은 어쩔 수 없다.
'대마도'는 우리 땅이므로 일본은 속히 반환하라.""고 천명 했습니다. 6.25직전까지 3년여 동안 60여 차례나 요구했습니다.
일본은 역사학회, 고고학회등으로 하여금 '대마도'에 관하여 왜곡된 논문들을 발표케 하면서 변명했습니다.
쓰시마의 역사적위치(1949), 대마문제(1951) 논문 등 이 그 예입니다.

1950년 6,25가 발발하고 미,소가 대립하자, 일본은 ""이때다""하고 미국에 읍소 로비를 했고,1951년, 미국은 한국을 배제한 채 일본과 같이 전후(戰後)처리 협정인 '샌프란시스코 협정'을 이렇게 체결해 버렸습니다.
""일본은 한국의 독립을 인정하고, '제주도' '거문도' 및 '울릉도'를 비롯한 도서는 한국에 모든 권리와 소유권 및 청구권을 포기한다.""
이 '샌프란시스코 협정'에서 미국은 '독도'와 '대마도'에 대해 영토 속국을 명백히 하지 않고 빼버린 것입니다.

'이승만'대통령은 이에 불복하고 우선 평화선 선포를 통해 우선 '독도' 라도 어족(魚族)보호 명분을 들어 '독도' 를 실효 지배 할 수 있도록 조치하였습니다.
지난 2005년에 확인된 미국 국무부 외교문서에 따르면 1951년 4월 27일 한국 '이승만'대통령은 '대마도'에 관해 다음과 같이 요구 하고 있습니다.
""한국은 일본이 '대마도'에 대한 모든 권리, 호치, 청구를 분명히 포기하고 그것을 한국에 돌려줄 것을 요청한다.""
(In view of this fact the Republic of Korea request that Japan specifically renounce all right, title and claim to the Island of Tsushima and return it to the Republic of Korea)

여기에서 ""specifically renounce""귀절을 주시해야 합니다. 이는 외교문서로서는 최고로 강력한 의사표시 였습니다.
'대마도' 반환 문제는 남북통일과 마찬가지로 우리 7,000만 민족의 숙원입니다.
'대마도'를 우리 땅으로 회복하는 문제에 있어 국제관례 의 관점에서 아무런 제약이 없습니다.
왜냐하면 1862년에 미국의 영토가 된 일본 남부 '오가사와라'(小笠原) 군도를 일본이 미국으로부터
일본 영토로서 인정받고 반환 받았던 이러한 국제적 사례가 있기 때문입니다.

이것은 '대마도' 반환에 있어서 결정적 역할을 할 것 입니다.
그때 일본이 내놓은 지도 ‘삼국 접양 지도'하야시 시헤이' (林子平)제작, 프랑스어판이 그 근거입니다.
미국이 '오가사와라' 군도가 일본 영토임이 맞다고 판단 하게 한 그 지도에 '오가사와라'가 일본 영토로 되어 있었 기 때문입니다.
미국의 영토인 일본 남부 '오가사와라' 군도가 이 지도에 일본 영토 라고 표기 되어 있었기에 미국은 아무소리 못 하고 이 미국 영토를 일본에 반환했던 것입니다.
그런데 바로 이 지도에 '독도'와 '대마도'가 분명히 한국 영토로 표기 되어 있는것입니다.

정말 놀라운 사실이 아닙니까?
최근에 이에 준하는 증거가 또 발굴되었습니다.
지리학자로 영국에서 활동하였던 이태리인 'J.H.Kernot'씨가 1790년에 작성한 ""일본과 한국""이라 는 지도에서 '울릉도'와 '독도'뿐만 아니고 '대마도'도 한국 영토로 그려져 있는 사실이 발굴(견) 되었다는 사실 입니다.
이 지도에는 '대마도'가 'STRAIT OF COREA'로 표시 되어 있고 특히 '독도'와 '울릉도','대마도'의 관할 국가를 표시하는 지도 바탕 색깔을 한국 본토와 같은 황색으로 나타내 이들 섬이 한국령이라는 사실을 한눈에 알 수 있게 하고 있습니다.

'세종대왕'은 '이종무'로 하여금 '대마도'에서 해적질하며 살고 있는 왜구를 토벌하고 확실하게 한국령 경상도에 예속시켰습니다.
以白山爲頭 大嶺爲脊 嶺南之對馬 湖南之耽羅 爲兩趾 (백두산은 머리고, 대관령은 척추며,영남의 대마와 호남의 탐라를 양발로 삼는다.)
이 글귀는 1750년대 제작된 ‘해동지도’에 있는 글귀 입니다.
이렇게 '대마도'는 우리의 땅이고 우리 민족의 한쪽 다리 인 것입 니다.
그런데 일본이 그 '대마도'를 자기들 멋대로 자기영토로 편입 시켜 버렸습니다.
우리는 일본이 잘라간 그 한쪽발 (嶺南之趾)을 되찾아 야 합니다.
일본은 이러한 일련의 사실이 부각되는 것을 차단하기 위해 '독도' 시비를 계속하며 분칠하고 있는 것입니다.

'대마도'는 명백한 한국영토입니다.
'부산'에서 '대마도'까지는 49km, 일본 '후쿠오카'에서는 139km 입니다.
이 '대마도'에는 고대로부터 한국인이 건너가 살았습니다.
일본의 속셈이 가증스럽지 않습니까?
'대마도'는 본시 우리땅이다,라고 '세종대왕' 이 선언한 이 확실한 증거를 두고도 우리는 독도 시비에 말려 들고 '대마도'를 일본 땅 으로 여기면서 살고 있는 것입니다.
정치권에선 젯밥에 눈이 멀어 나 몰라라 하고 있고, 입만 살아 잡 소리나 하는 잘난 역사 학자들만 믿지 말고 우리들이라도 이 글을 여러 밴드에 퍼 날라 여론을 형성 하고, '독도'를 떠나서 '대마도' 반환 운동의 초석이 되었 으면 합니다.
우리가 못하면 먼 훗날 우리의 후손들이라도 할 수 있는 계기가 될 수 있도록 전 국민 모두가 다 이 사실을 잘 알고 널리 알리도록 합시다."
2020-01-02,2020-02-01,외교/통일/국방,219,꼭 읽어주시기 바랍나다 저는 다쳐도 치료받지 못했던 사회복무 요원들 중 한명 입니다,"안녕하십니까 현제 저는 노인요양원 시설에서 근무 중인 사회복지요원 입니다 국민신문고 로 글을 올려봤자 불이익만 생길 뿐 바뀌는게 없기에 여기에 글을 남깁니다 노인요양원 시설 이지만 시설이 작다보니 어르신들 수는 40명 정도 입니다 근무하는 사회복무 요원은 저를 포함하여 3명이 있습니다 한달에 한번 잡초제거를 하며(잡초를 제거하는 걸로 합니다) 잔디밭에 흙이 부족하면 5분 거리에 흙산으로 수래를 끌고 언덕위로 가 흙을 삽으로 퍼서 잔디밭에 뿌리고 산생님이 돌을 따로 모아주면 그돌을 제거 해야 됩니다 근무지 산책로 공사를 한다더니 흙길이레도 위험한 언덕길에 자갈을 뿌려놔서 더 미끄러워진 언덕길을 나무 심는다고 제가 직접 수레를 언덕길 위로 끌고가서 나무 심을때도 삽질까지 했습니다 키가 크다보니 허리에 부담이 가는 업무는 하기가 힘들었는데 했습니다 (선임이 나무 적게 심을때 좀 도와주더니 그 주에 휴가를 내서 다른 사회봉사 오신 분들과 함께 2~3일 내내 나무 심으러 수래를 끌고 다니고 삽질만 했습니다) 병무청에 이야기 해봤자 나라에 충성심을 다하는 미음으로 라거나 그 정도 업무는 아무것도 아니라거나 합니다 그러더니 이제는 산책로 보수공사 까지 보조로 도와드렸는데 특별히 한건 없습니다 일회용마스크 쓰고 나무 자르면서 발생하는 먼지 좀 마시고 나무판들을 옮겼으니까요 맨 처음 주방일을 하면서 설거지를 할때나 바닥청소 등을 할때부터 허리에 부담이 좀 갔습니다 그러던게 바깥업무를 하면서 허리디스크가 생긴걸로 추측되는데 저는 원래 눈 때문에 사회복무요원이 되었고 계속 업무를 하던 도중 허리통증이 심해져 한쪽 다리를 가끔 쓰기가 힘들 정도로 통증이 심해져 제 사비로 mri 찍고 진단서 까지 다 준비했더니 병무청은 법적인 방법이 없다보니 근무지 하고 합의를 보라는데 국장님은 그게 배려를 해준거라고 고작 허리디스크 가지고 그러냐고 그러고 한 선생님은 허리디스크는 살면서 누구나 가지고 있고 아플수 있다고 하는데 저는 허리디스크가 두 군데에서 발견되었으며 하나는 중기 라 의사 선생님이 일주일 동안 약을 먹고 일주일 뒤에도 통증이 심해지면 치료를 받으러 오라는데 이런 테평한 소리를 합니다 바뀐거요? 하나도 없습니다 제 사비로 알아서 치료 받으라고 병가는 내준다고 합니다 참 눈물겨울 정도로 감사하게 말입니다

지금이 일제 강점기 시대도 아니고 언제적 인지도 모를 나라에 대한 충성심만을 강요하면서 일반인들 조차 힘들어 하는 복지시설에 사회복무요원을 투입하더니 업무에 대한 기준도 없이 옛날 방식 그대로 까라면 까 수준 인데다가 최소한 허리디스크 초기도 아니고 중기 이며 더 심해지기 전에 제대로 된 처치 나 도움을 주어야 할텐데 못 걸을 정도로 심해져야 면제 해준다고 치료는 알아서 사비 로 치료받으라는게 말입니까? 이게 당연하게 느껴진다면 뭔가 이상하지 않습니까 우리도 엄연한 사람으로서의 인권이 존재하며 하기 싫거나 힘든일 도 있습니다 그걸 감수하고도 최저시급조차 받지 못한 채 일하는 건데 사회복무 규정조차 절대 사회복무 요원의 편이 아닙니다 혐오업무 규정이 유해오염폐기물 수준이 되어야 인정 된다면서 사회복지사가 할일인 어르신들 똥 오줌 기저귀 치우는 일은 당연히 사회복무요원이 해야된다면서 혐오업무 규정을 삭제할거란게 대체 상식적으로 할말 입니까? 병무청은 현역이 부족해지자 오히려 그걸 기회삼아 ilo세계노동기준협약을 사회복무요원 갈레? 현역갈레? 로 피해가는 비상식적인 짓을 저질렀는데 정상적인 사고를 가졌다고 보기는 힘들겠지만 최소한 사회복무요원들도 제대로 된 치료를 받게 도움을 주거나 업무에 대한 확실한 기준을 원하며 다쳤을때 상황에 맟춰 도움이 될수 있는 우리를 위협하는게 아닌 지켜주는 법을 원합니다 우리들은 소모품이 아니며 굴러다니는 깡통로봇 도 아니고 인권 이란게 존재합니다 그러니 일반인들도 거부하는 장애우 시설 노인복지 시설등 에서 사회복무 요원들을 빼주시거나 그만한 대우를 해주는 법을 마련해주시기 바랍니다"
2020-01-02,2020-02-01,인권/성평등,"6,959",최악의 성범죄 가해자가 미성년자라는 이유로  경찰이 애들 장난으로 치부해 사건을 덮으려 합니다.,"강력사건 최악의 성범죄 가해자가 미성년자라는 이유로 
   경찰이 애들 장난으로 치부해~ 사건을 덮으려 합니다. 

  저의 딸은 중3 지적장애 3급으로 장애인, 아청 법 성폭행 범죄의 처벌 특례법이 적용 되는 특수범죄로써 훨씬 가중이 되는 강력범죄의 피해자입니다. 2019년 3월 14일 성폭력(유사강간, 강제성추행) 사건이 발생하였고 강력사건이라 하루 만에 서울지방경찰청으로 넘어간 형사사건입니다.  

 ⚊★ 저의 딸 사건(성폭행) 당일의 내용 ★⚊

  사건발생 장소가 저희 집 옥상입니다. 그 옥상은 저의 딸이 지적장애 3급이라 밖은 위험 할 것 같아 방학 동안 저의 딸 여자 친구와 안전하게 놀 수 있는 곳으로 여자 친구 또한 엄마에게 이야기하여 텐트를 가지고 와 각자의 소지품 이불 책..등으로 둘만의 공간을 꾸며 놓아 방학 내내 놀았던 곳 입니다.  사건발생 후에 알았는데 그 장소를 저의 딸이 학교에 가서 친구들한테 ‘비밀에 장소’라고 이야기하고 다녔다고 합니다.  그래서 학교친구들이 저의 집 옥상을 ‘비밀의 장소’라 다 알고 있으며 학교 선생님께서는 가해자에게 직접 들었다고 합니다. 

  가해자는 저의 집 옥상을 ‘비밀에 장소’라 듣고 저의 딸에게 몇 칠 전 부터 옥상에 가자고 계속 하였고 저의 딸은 가해자에게 안 간다고 하면 때리고 화내니까 집에 오게 된 것이라고 하였습니다. 그러나 남자애하고 옥상에서 논다 하여 엄마인 저는 안 된다고 하였고 알겠다고 보내고 온다는 아이가 안와 10~20 경과 후에 올라가 봤는데 저의 딸이 옷이 벗겨진 채로 성폭행을 당하는 현장을 목격 하게 되었고 저를 보자 옷 벗은 채로 저의 딸은 저에게로 뛰쳐나왔고 제가 너무 놀라 떨리는 손으로 딸의 옷을 추리는 가운데에 가해자는 죄송합니다. 죄송합니다. 계속 하였습니다. 집에 내려오자마자 가해자에게 저의 딸에게 어떻게 했냐는 묻는 말에 자신이 저의 딸의 옷을 벗기고 저의 딸의 가슴과 성기를 만졌으며 자신의 성기도 만지게 했으며 저의 딸인 “○○이가 만지라고 했냐?”는 저의 질문에 “아니요.”라고 분명 말을 했으며 그럼 “네가 강제로 만진 거네?”라는 저의 질문에 “네”라고  성폭행했음을 인정하고 죄송하다 이야기 하였으며 부모 연락처를 묻자 자신이 먼저 전화 한다고 자신의 핸드폰으로 아빠에게 전화를 했고 첫마디가 “누나에게 변태 짓을 했어”라고 이야기하였습니다. 전 녹음을 해야 한다는 생각에 녹음을 하기 위해 가해자 핸드폰을 끈 고 다시 제 핸드폰으로 전화를 했으며 손이 떨려 번호가 눌러지지 않아 가해자에게 제 핸드폰을 줬으며 제 핸드폰 통화로 가해자는 자신의 아빠에게 자신이 ○○에게 성폭행 했다는 것을 말하고 저를 바꿔 주었고 저와 통화 당시 가해자 아빠가 “큰일 났네” 하고 “죄송합니다.”고 하는 녹음이 된 것도 있습니다.  또한 가해자가 “잘 못했다”고 하며 아버지와 둘이 통화 한 내용으로 “아버지가 싹싹 빌래요”하고 아버지가 가해자에게 용서를 빌라고 일러 준 녹음도 있습니다.  가해자가 집에 간 뒤 1시간 후에 가해자 아버지로부터 ‘머리 숙여 죄송하다’는 아들이 성폭행 한 것을 인정하고 용서를 구하는 메시지도 있습니다. 

->★ 사건발생 당시 가해자가 성폭행 했다는 증거란 증거는 다 있고 핵심증거까지 다 제출하여 다 있음 : 가해자가 ‘비밀의 장소’라 알고 가자하였다는 (확실한 정황증거), 가해자가 성폭행을 인정하고 용서를 구하는 ‘잘못 했다’ ‘아버지가 싹싹 빌래요’ (가해자 녹음), 가해자 아버지가 자신의 아들이 성폭행 한 것에 대해 인정하고 용서를 구하는 ‘큰일 났네’ ‘죄송합니다.’ (가해자 아버지 녹음), 가해자가 집에 가고 1시간 후에 가해자 아버지로부터 아들의 성폭행을 인정하고 용서를 구하는 ‘머리 숙여 죄송하다’는 (가해자 아버지로부터 온 메시지), 해바라기센터에 유사강간 했다는 핵심증거인 (출혈이 묻은 팬티), 가슴에 가해자 (손의 디엔에이) 결과가 다 나와 있고, 가해자 또한 저의 딸의 (가슴과 성기를 만졌다 인정)하였다 함, (사건발생 장소에 올라가자마자 성폭행을 당한 시간) -> 학교 끝나는 시간, 녹음시간, 1366 상담 시간, 112 신고 시간..등 핸드폰에 기록 되어 있어 다 제출 (1366 상담원 조언으로 신고), (112 신고), (심리치료 소견서), (정신과 진단서), (정신과 치료비 영수증), 가해자가 성폭행 한 것에 구체적인 (피해자 진술), (제 3의 객관적인 증언), (탄원서, 진정서에 서면으로 상세하고 구체적으로 서술한 서면진술), (가해자가 위력을 행사했음을 법에 근거하여 쓴 서류) 등 증거자료를 다 제출하였습니다.

⚊ 저의 딸 사건 발생 당시의 주장 ⚊

  저의 딸이 사건발생 장소 올라가자마자 못 논다고 하자 가해자가 저의 딸 왼팔을 때렸고, (성폭력 시작) 저의 딸이 만지지 말라고 했는데도 계속 만졌다함. 집에 가야한다고 했는데도 계속 만졌다함. 당시 학교 교복 옷을 입고 있었고 단추를 풀면서 가슴을 만졌고 바지와 팬티를 벗기고 성기를 만졌다함 가해자는 자신의 바지도 벗고 저의 딸에게 만지라 하여 만지게끔 하였다고 함. 

->★ 즉, 저의 딸은 가해자에게 만지지 말라 했고 집에 가야 한다고 했는데 계속 만졌다하였고. 피해자 2차 진술과정에서 수사관님이 왜 가만있었냐는 질문에 ‘무서웠고, 때릴까봐’ 가만히 있었다고 하였습니다.  피해자는 사건 당시 충분한 거부 의사를 밝혔으며 가해자는 이를 무시하고 계속 성적인 행동을 하였으며 저의 딸이 가해자가 “무서웠고” “때릴까봐” 라는 것으로 그 당시 가해자로부터 얼마나 위압감을 느꼈는지 진술하였습니다. 

  저의 딸은 지적장애 3급으로 성폭행범죄 피해를 당하는 비장애인 보다 상대적으로 더 큰 공포와 불안을 느끼는 대처능력이 매우 낮은 정신기능 장애입니다. 그렇기 때문에 굉장히 무서웠을 것이며 저의 딸 또한 무서웠다 진술하고 있습니다.  그냥 당할 수 뿐 없는 장애를 가진 여자아이입니다.  저의 딸은 지적 3급으로 “항거불능”의 상태로 봐야하며 가해자가 저의 딸에게 성행위를 했다는 자체만으로도 가해자는 저의 딸에게 위력을 행사한 것이고 성폭력 범죄입니다.  그럼에도 저의 딸은 가해자에게  “만지지 말라” “집에 가야한다”고 거부의사를 확실하게 밝혔음에도 가해자는 이를 무시하고 계속 성폭행 하였습니다. 이것은 변명의 여지도 없고 볼 것도 없이 가해자가 저의 딸에게 해서는 절대 안 될 최악의 성범죄를 저지른 것입니다. 


▇ 가해자를 강력하게 처벌해야 하는 가해자의 행동

1. 가해자는 아버지와 통화 당시 첫마디가 [“누나에게 변태 짓 했어”]라고 했습니다.  이것은 “변태 짓”자신의 행동이 정확히 어떠한 행동인지 알고 했다는 것입니다.   ⓵ 사전에 충분히 숙지하고 있었다는 것이며   ⓶알고 한 행동이기 때문에 죄질이 더욱더 나쁘게 봐야할 것입니다. 

2. 또한 가해자가 [“누나에게 변태 짓 했어”]라고 한 것은 자신의 행동한 것에 대한 “자동적 사고” 즉, 자신의 떠오르는 생각을 바로 떠올 린 것으로 가해자 스스로  ⓷피해자에게 ‘변태 짓’을 한 것 -> 성폭행임을 밝힌 것입니다.  그렇기 때문에 가해자는  ⓸피해자에게 ‘변태 짓’ -> 성폭행을 한 것이지!  피해자가 좋아서, 충동을 못 이겨서, 나이가 어려 잘 몰라서라는 등의 그 외의 어떤 것으로도 보시면 절대 안 될 것입니다.   성폭행 발생 당일 가해자가 제 딸에게 “변태 짓 했다”는 가해자 말이 아직도 제 귀에 메아리치고 있습니다.  마치 피해자 엄마의 가슴에 칼로 난도질 하는 것처럼 말입니다. 

3. 가해자가 피해자에게 변태 짓을 할 수 있었던 것은 피해자가 장애가 있다는 것을 알았기에 대상을 삼았다고 봅니다.  그렇지 않았다면 변태 짓을 했을까..  가능하지 않다고 봅니다.  피해자가 장애가 있다는 것을 참작하시어 [“장애인특별법”]을 적용해 가해자에게 엄하게 처벌해야 할 것입니다.

4. 계획 범이었다는 것 

⓵가해자는 ‘비밀의 장소라’ 듣고 피해자에게 몇 칠전부터 옥상(사건발생 장소)에 가자고 하였다는 것입니다.                          

⓶옥상에 올라가자마자 피해자가 못 논다고 하자 바로 성폭행이 일어났다는 것은 가해자가 사건발생장소 가기 이전에 미리 성행위를 하려는 생각을 하고 있었기에 못 논다는 말을 듣자 성폭행을 한 것임을 알 수 있을 것입니다.

5. 가해자는 ADHD라고 합니다. 하지만 이번 성폭행은 가해자가 “ADHD” 인 것과는 무관  :  이 성폭행은 충동을 못 이겨서 성폭행이 일어났다 보시면 절 대 안 될 것입니다.   미리 비밀의 장소라 알고 있어 몇 칠전부터 피해자한테 옥상에 가자했고 피해자가 못논다고 하자 바로 성폭행이 일어난 것으로 미리 성적인 행동을 하려고 맘먹고 왔기 때문에 가능한 행동이지 갑자기 충동을 못 이겨서는 절대 아니라는 것을 다시 한 번 말씀드립니다.

6. 가해자는 ADHD를 이용 법망을 피하려고 피해자를 성폭행 범으로 모는 비양심적인 행동  :  가해자는 피해자가 먼저 손을 잡고 성기를 만져서 흥분이 되어 피해자에게 성행위를 하게 된 것이라 말을 하는데 이것은 분명 자신의 ADHD라는 핑계로 자신의 죄를 모면하려 <‘적반하장의 태도를 치한 것’>이며 피해자를 성폭행 한 것도 모자라 -> 성폭행 범으로 몰아 더한 모멸감으로 피해자를 2번 죽이는 정말 파렴치한 행동임을 다시 한 번 호소합니다.

7. 사건 당일 가해자와 가해자 아버지가 성폭행을 인정하고 싹싹 빌 정도로 용서를 구하고, 가해자가 집에 가서까지 1시간 후에 가해자 아버지로부터 ‘머리 숙여 죄송하다’ 메시지 보내 놓고, (‘큰일 났네’ ‘죄송합니다.’ ‘싹싹 빌래요.’ 녹음, ‘머리 숙여 죄송합니다.’ 메시지 증거로 제출)  ->  즉, 자신들이 어떠한 짓을 했는지 분명히 알고 잘 못 했다 해놓고 사건 발생 이후  ⓵전혀 사과가 없다는 것은 사건발생 당시 했던 말들은 자신들의 죄를 모면 하려는 것 뿐 안 되고  ⓶양심의 결여 반성이나 뉘우침이 전혀 없다는 것입니다.

->  이렇듯 가해자는 자신의 한 행동을 충분히 알고 한 행동으로 사건발생 당시 용서를 구해 놓고 이 후 태도 돌변 피해자 측에 적반하장의 태도를 치하며 현재까지 전혀 사과는 없는 것으로 반성의 뉘우침이라는 것은 전혀 볼 수 없습니다.  그렇기 때문에  [“1 ~ 7 내용‘]을 꼭 참작하여 미성년자라는 것과 ADHD라는 것과는 무관하게 죄가 무겁다는 것으로 강력하게 처벌해야 할 것입니다.    

=> <★★제 딸에게 성폭행 한지 5개월 만에 또 다른 피해자 발생★★>

  가해자는 중 2가 할 수 없는 최악의 성범죄를 단독으로 바로 현실에 옮겼고,  또한 저의 딸에게 성폭행을 가한지 5개월 만에 또 다른 피해자가 또 생겼습니다.  이는 이 전에도 또 다른 가해 경험이 없었다고 볼 수 없으며 재범률도 굉장히 높다 봐야 할 것입니다. 

  저의 사건을 제대로 된 수사와 결과로 가해자를 엄하게 처벌 하였다면 또 다른 피해자는 발생 하지 않았다 봅니다.

  부디 저의 사건을 하루 빨리 정상 처리하여 제대로 된 수사와 결과로 가해자를 엄하게 처벌하여 다시는 저의와 같은 피해자가 또 생기는 일은 절대 없어야겠습니다. 

  ⚊★ 국가에 국민 청원 사유 ★⚊

☛ 서울지방경찰청 여청과 수사관님들은 가해자가 미성년자 ADHD라는 이유로 저의 딸 성폭력 사건을 애들 장난으로 치부해 부실수사 방임 수사지연 하였으며,  그로 인해 피해자가 또 발생 하였으며~! 그러자 자신들이 수행해야 할 직무를 수행하지 않은 것에 대한 것 , ->  즉, 직무유기한 잘 못을 덮는 것에만 급급하여  =>  저의 딸 성폭력 사건을 무마 덮으려고만 하고 있습니다.  서울지방경찰청 여청과 수사관님들이 대놓고 잘 못된 수사와 결과 반복함으로 피해자 측은 ‘수사이의신청을 수차례 민원’을 넣었고,  ⓵서울지방경찰청 여청과 부서 자체를 기피하고 ⓶서울청(‘청문감사실’과 ‘수사심의계’) 또는 ⓷본청 경찰청(‘청문감사실’과 ‘여청과’) 에서 처리 해 달라는 민원을 수차례 넣었지만 서울청(‘청문감사실’과 ‘수사심의계’), 본청 경찰청(‘청문감사실’과 ‘여청과’)에서까지 합세해 같은 경찰관 감싸기  ->  대놓고 민원 거부~! 

=> ★ 피해자 측의 기피 대상 부서인 서울청 여청과에 ‘반복 재배정’ 되는 어이없는 일들이 현재 9개월이 넘어 가도록 계속 반복 되고 있습니다. 이는 피해자와 피해자 가족이 지쳐 떨어져 나가 포기 하는 것으로 사건을 덮기 위한 것이며 그러므로 피해자와 피해자가족에게 더한 정신적인 고통을 주고 있습니다. 

=> ★★ 국가에 청원합니다.~! : 이 위증한 성범죄를 가해자가 미성년자라는 이유로 또는 그 어떤 이유로도 사건을 무마 덮는 일은 절대 없어야겠습니다.  이제는... 이제는... 제대로 된 수사와 결과로 가해자를 엄하게 처벌하여 다시는 저의와 같은 피해자가 발생하지 않게 해 주실 것을 국가에 청원합니다. 


 ⚊★ 저의 사건은 형사사건에서 가장 중요한 ‘증거’와 ‘제 3의 객관적인 증언’ 뿐만 아니라 사건에 대한 ‘구체적인 진술’까지 다 있음에도 수사관님이 내린 어처구니없는 3번의 불기소 처분 경찰 수사결과 사유 ★⚊

  (납득할 수 없는 3번의 수사결과로 4번의 수사관님이 바뀜)

■ 형사사건에서 가장 중요한 것은?  ‘증거’와 “제 3의 객관적인 증언‘  :  형사 사건에서 피해자와 가해자가 서로 다른 주장을 하는 경우가 대부분이라  ->  ‘증거‘와 ’제 3의 객관적인 증언‘으로 가해자의 유무죄를 판가름 한다.  다만 성폭행 경우 증거를 수집하기 어려운 특성이 있어 ’구체적인 피해자 진술‘로만으로도 가해자를 기소할 수 있다.

=> ★  즉, 성폭행 범죄 특성상 은밀한 곳에서 이루어지는 경우가 대부분이라 증거를 수집하기 어려운 특성이 있어 피해자의 구체적인 진술로만으로도 기소가 될 수 있는데 저의 사건은 피해자와 제 3의 증언과 목격으로 구체적인 진술 뿐 만 아니라 성폭행의 증거란 증거가 다 있고 성폭행의 증거로 획득하기 어렵다는 핵심증거까지 없는 것이 없으며

(가해자가 사건 발생 장소를 ‘비밀의 장소’로 알고 가자했다는 확실한 정황증거, 올라가자마자 성폭행 당했다는 것을 증명하는 것으로 학교 끝나는 시간 핸드폰의 통화기록, 가해자와 가해자 아버지가 성폭행을 인정하고 용서를 구하는 녹음, 가해자가 집에 간 뒤 1시간 후에 가해자 아버지로부터 ‘머리 숙여 죄송합니다.’ 하는 메시지, 출혈 된 팬티, 가해자 가슴의 DNA, 1366 상담원 조언으로 신고, 112 신고, 심리치료 소견서, 진단서, 치료비 영수증...등)

 ->  위 () 이 정도의 성폭행 증거를 획득한다는 것은 아주 두문 경우이므로 이 정도의 증거가 있음에도 수사관님들은 가해자의 혐의를 밝혀내지 못 한다는 것은 => 서울지방 여청과 수사관님들의 부실수사, 핵심증거 묵인, 방임, 수사지연으로 직무유기 하는 것으로 자신들의 잘 못을 덮는 것에만 혈연 되어 가해자 혐의를 방관하고 있다는 것입니다.


⚊ ★ 3번의 증거불충분으로 혐의 없음 불기소 처분 이유 ★⚊

(1) 첫 번째 오○○ 수사관님 수사결과 이유  :  가해자가 성폭행 했다는 명확한 증거가 많음에도 이를 무시 하고 성폭행 후도 아닌 ‘성폭행 전’의 cctv에 가해자 위력이 발견이 되지 않았다고 딱, 성폭행 전 cctv 하나만 보고 증거불충분이라고 합니다. (성범죄 가해자들은 성폭행을 하려고 사건 발생 전 사건발생 장소까지 가기 위해 피해자에게 가진 비위를 맞추기 때문에 가는 중에는 피해자가 웃으면서도 갈 수 있는 것입니다) 그런데 이를 수사관님이 모르지 않으실 텐데 성폭행 발생 장소에 가는 중에 cctv에 위력이 포착이 안 되었다고 증거불충분이라 합니다.)  

(2) 두 번째 이○○ 수사관님 불기소 처분 이유  :  피해자 측에서 분명 ‘부족한 증거가 있냐?’는 질문에 ‘증거 충분하다’고 해 놓고 바로 증거불충분으로 송치를 하였고 수사기간도 2019년 5월 22 ~ 6월 1일 굉장히 짧은 수사기간으로 사건을 제대로 보지도 않고 제대로 수사를 하지 않고 증거불충분 불기소처분으로 송치를 하였습니다.

(3) 세 번째 안○○ 수사관님 불기소 처분 이유 : 

⚊★ 해바라기센터 질 내 검사 하시는 의사 분 한마디에 성폭행 자체가 아니라고 합니다. 

[참고사항] 성폭행 증거 채 취하는 곳(해바라기센터) : 수사관님이 말씀 하시는 해바라기센터 의사 분에 대해~ 

: 의사 선생님은 검사 당시 피해자인 저의 딸이 통증을 많이 느껴해 상처를 제대로 보지도 못하고 ‘상처 없다’ 기록한 것입니다.   피해자 모가 ‘상처 없다’ 기록에 대해 의문점이 생겨 해바라기센터에 확인. 

  또한 유사강간의 증거 출혈이 묻은 팬티는 의사 분이 오시기 전에 국과수에 증거로 제출하였기에 당연히 의사 분이 보질 못했고 그 의사 분은 질 내를 검사하는 분으로 출혈 묻은 팬티와는 무관함.  ->  출혈이 묻은 팬티는 국과수에서 검증하는 것으로 국과수에 제출

->  즉,  해바라기센터 질 내 검사 하시는 의사 분은 저의 딸이 너무 아파해 상처도 제대로 못 보고,  또한 출혈이 묻은 팬티는 국과수에 제출 해 의사 분께서 출혈이 묻은 팬티를 보질 못 했습니다.  

  그런데,  => ★  수사관님은 그 의사 분께 그 출혈이 묻은 팬티를 찾고, 그 출혈에 대해 물어 보면 당연히 모른다하는 것이 당연한 것인데 그 의사분이 팬티에 묻은 출혈을 못 보고 모른다고 했다고  ->  유사강간이 아니다 라고 합니다.  더욱 황당한 것은 명확하고 성폭행 했다는 증거가 많음에도 그 핵심 증거들을 다 무시하고 그 의사 분 한마디에 성폭행 자체가 아니다 혐의 없음 불기소 처분이라 합니다.   이것은 어느 누가 납득을 하겠습니까.(수사관님의 어이없는 불기소처분 이유에 대해 녹음 된 것이 있습니다.) 

=> ★  검사 당시 저의 딸은 통증으로 검사를 제대로 못 할 정도로 아프다 호소하였고 수사관님 또한 의사 분께 저의 딸이 검사 당시 통증을 호소해 검사를 제대로 못했다는 것을 들으셨다 하셨습니다.  수사관이 왜 직접 현장에 가서 수사를 하겠습니까.  아무거나 증거로 채택하는 것이 아닌 그 증거가 증거로써 중요한 단서가 될 수 있는지 없는지 보고 채택해야 하는 것이 아닙니까.  

  또한 성폭행을 입증할 수 있는 증거가 있는지도 봐야 할 것입니다.  그러므로 의사 분한테 그 당시 저의 딸이 통증이 있었다는 것을 들어 그 통증이 가해자의 유사강간으로 인한 통증이라는 것을 수사관님이 모를 리 없다 봅니다.   저 또한 그 당시 저의 딸이 많이 아파해 검사 하는 동안 얼굴을 감싸며 꼭 안아 준 기억이 있어 수사관님께 말씀드렸습니다.  그런데 의사 분이 모른다 했다고 성폭행 자체가 아니다 라고 합니다.  이것을 어느 누가 납득하겠습니까.      

* 또한 ‘출혈 묻은 팬티’는 유사강간의 핵심 증거~!  발견 즉시 유사강간임을 수사관님이 밝혀내야 하는 것  :  출혈이 묻은 팬티는 성폭행 증거로 나왔고 그 증거는 유사강간의 아주 중요한 증거이며 이를 수사관님들이 모를 수 없다 봅니다.  그러므로 그 중요한 증거를 발견 즉시~!  ->  유사강간에 대해 수사관님들이 밝혀내야 하는 것인데 이를 무시했다는 것은 강간의 핵심 증거를 방임 묵인하는 것으로 직무유기 한 것입니다.  그것도 피해자가 손의 삽입이 있었다는 것으로 유사강간을 입증까지 하는데 말입니다.

⒜ 사건발생 당시 피해자 모가 성폭행 목격 당시 피해자 저의 딸이 바지와 팬티가 무릎까지 내려와 있었고 저에게 달려 나왔을 때 제대로 바지와 팬티를 올리지 못한 채 달려 나왔기 때문에 피해자 모가 직접 옷을 입혔고 그 때 분명 팬티에 출혈이 묻어 있지 않았습니다.  또한 그 당시 이미 팬티에 출혈이 묻어 있었다고 한다면 적은 양이 아니었기에 피해자, 가해자, 피해자 모가 보지 못할 리가 없고 또한 출혈을 발견 하였다면 피를 보고 피해자 모는 당연히 놀랐을 것이기 때문에 가해자, 피해자, 피해자 모가 모를 리 없다 봅니다.  또한 처음 신고하고 집으로 경찰관이 와서 조서를 받을 때부터 출혈에 대해 언급을 하였을 것입니다.

->  이는 해바라기센터에서 팬티에 묻은 출혈을 보고 피해자 모가 놀랐고 피해자 저의 딸도 놀란 것을 해바라기센터 채 취 하신 분이 보았습니다.  그러므로 해바라기센터에서 출혈을 처음 본 것으로 이는 출혈 묻은 팬티는 성폭행이 발생 당시 벗겨져있을 때는 출혈이 묻어 있지 않았다는 것이며 옷을 입고 해바라기센터 오는 과정에 출혈이 묻은 것임을 입증 하는 것입니다. 이는 당연히 성폭행으로 인한 출혈임을 어느 누구도 알 수 있을 것입니다. 

⒝ 해바라기센터 질 내 검사 당시 검사가 제대로 진행이 안 될 정도로 아프다 통증을 호소하였습니다.  그래서 피해자 모는 검사 동안 얼굴을 감싸며 꼭 안아 주었습니다.  그 통증 또한 유사강간을 입증하는 아주 중요한 증거입니다. 

(c) 이 후 피해자 모가 피해자에게 질 안에 어떤 삽입이 있었는지 물어 봤고 피해자는 가해자의 손의 삽입이 있었다라고 하였습니다.  

(d) 발견 당시 피해자 모는 가해자가 손이 피해자 성기에 있는 것을 보았고 가해자 역시 피해자 성기를 만졌다 인정하고 있습니다.  피해자 또한 가해자가 자신의 성기를 만졌다 하였고 이 후 피해자 모에게 가해자의 손의 삽입이 있었다고 말 하였습니다. 

=> 출혈이 묻은 팬티는 유사강간의 핵심 증거 이를 수사관님들이 무시하고 의사 분 한마디에 증거불충분으로 혐의 없음 불기소처분이라 합니다.  :  위에서도 말씀드렸지만 팬티에 묻은 출혈은 성폭행 증거로 나온 것입니다.  팬티에 묻은 출혈은 유사강간의 핵심증거이며 수사관님들이 발견 즉시 수사가 들어가 밝혀야 하는 것으로 이를 (a)(b)(c)(d)가 명확하게 증명하고 있습니다.  그런데 이를 다 무시하시고 안○○ 수사관님은 상처도 보지 못한 의사 분께 그 출혈을 물어봐 ‘모른다 하였다’고 딱 그것 한 가지만 보고 유사강간이 아니다 그것도 다른 명확한 증거가 많음에도 그 증거들을 다 무시하시고 -> ★ “성폭행 자체가 아니다.”라고 합니다.  이를 어느 누가 납득 할 수 있겠습니까.


⚊★ 가해자와 가해자 아버지 ‘녹음’과 ‘메시지’ ‘1366 상담원’ ★⚊

⓵ 가해자 녹음  :  ‘아버지가 싹싹 빌래요’ ‘죄송합니다.’

⓶ 가해자 아버지 녹음  :  ‘큰일 났네’ ‘죄송합니다.’

⓷ 가해자 아버지 메시지  :  가해자가 집에 가고 1시간 후에 가해자 아버지로 부터 온 메시지  ‘머리 숙여 죄송합니다.’ 

⓸ 1366 상담원  :  1366 상담원 조언으로 112신고 한 것.

->  위  ⓵ ~ ⓸  핵심증거  :  서울지방경찰청 여청과 수사관님들이 가해자와 가해자 아버지가 성폭행을 인정하고 용서를 구하는 ‘녹음’과 ‘메시지’ =>  이 핵심증거를 증거로 보기 어려워 증거로 채택을 안 한다는 이유가 ‘그냥 애들 끼지 장난을 친 것에 대해 잘못을 구한 것’ 이라 증거로 채택을 안 한다 합니다. 

☛ ★★ ‘그냥 애들끼리 장난???’ 피해자 가족을 분통을 터트리게 하는 수사관님들의 어이없는 이유에 반박 

⒜ 지금 이 사건이 애들 장난으로 할 수 있는 행위 입니까? 

⒝ ‘가해자 녹음’과 ‘가해자 아버지 녹음’에 애들이 장난으로 한 행위의 잘 못으로 ‘잘 못 했다’ 인정 한 녹음으로 들리십니까?  

⒞ 어떤 근거에서 이렇게 말씀하시는지 알 수 없습니다!!!

⓵ 가해자 측의 일방적인 사과  :  만약 둘이 장난 한 것에 용서를 구한 것이면 가해자 측에서만 일방적으로 피해자 모에게 용서를 구한다는 것이 가능한 일입니까.   그것도 싹싹 용서를 빌 정도로 말입니다.  

⓶ 가해자 녹음  :  가해자는 울며 잘못 했다 하였고 피해자 모는 딸이 성폭행 당하는 것을 목격해 정신을 차릴 수가 없어 가해자를 집에 가라 하였고 그럼에도 가해자는 용서를 구할 때까지 집에 가려 하지 않았으며,  아버지 또한 싹싹 빌라 일러 줄 정도의 잘 못을 한 것에 용서를 구한 것입니다.  이 모든 것이 고스란히 녹음 되어 있습니다.  이 것이 장난으로 한 행위에 대한 용서를 구하는 것처럼 들리십니까.  

⓷  가해자 아버지 녹음  :  가해자 아버지 녹음에 ‘큰일 났네’ ‘죄송합니다.’ 하였습니다.  정녕 서울지방경찰청 여청과 수사관님들은 애들 장난으로 한 행위를 가지고 ‘큰일 났네’ ‘죄송하다’ 한 것으로 들리십니까.  ‘큰일 났네’ 한 것은 큰일 날 만큼 큰 사항이고 그것에 대한 잘 못을 구한 것입니다.  그것이 가해자의 행위 성폭행을 의미 한다는 것을 정녕 모르신다는 것입니까.     

⓸ 1366상담 상담원  :  상담원 조언으로 신고하게 된 것입니다.  상담원 또한 성폭행이 맞아 신고하라 하였는데 이것 또한 애둘 장난의 행위 가지고 상담원이 신고 하라 조언 했겠습니까. 

⓹ 가해자 아버지로부터 온 메시지  :  가해자를 집에 돌려보낸 뒤 1시간 후 가해자 아버지로부터 성폭행을 인정하고 용서를 구하는 메시지입니다.  그것도 ‘머리 숙여 죄송하다’ 한 것입니다.  1시간 후면 상황판단 할 수 있는 시간이 충분히 되며 이후 머리를 숙이면서까지 죄송하다 한 것입니다.   둘이 장난한 행위인데 일방적으로 이렇게까지 용서를 구하겠습니까.

■ 가해자는 변태기질 있는 성범죄  ->  같은 성범죄라 하더라도 성인이 저지른 것 보다 미성년자가 저질렀다면 더 큰 범죄입니다.  절대 방치하면 안 됩니다.

⚊ 범죄 기질 위험성 ⚊ 

: 인간이 태어날 때 기질이란 걸 가지고  태어납니다.  

  그 기질은 사람마다 다 다르며 자신이 타고난 기질로 세상을 읽고 해석하고 받아들인다 합니다.  그렇기 때문에 똑같은 악조건 환경에 있어도 어떤 한 사람은 훌륭히 되는 사람이 있고,  어떤 한 사람은 범죄자가 되는 것입니다.

-> 사기꾼이 머리 좋다 생각하십니까.  천만의 말씀입니다.  머리 좋은 게 아니라 타고난 기질로 남들이 생각조차 안하는 걸 그 사람들은 그 쪽으로 머리를 써~  점.. 점..  지능화 되 그 쪽으로 기능을 하여 계속 뛰어 날 수 뿐 없다는 것입니다.   그렇기 때문에 변태의 기질을 가지고 태어난 사람은 그 쪽의 세상에 밝을 수 뿐 없고 방치하면 더 큰 최악의 성범죄자가 되는 것입니다.         

=> 결국 그 한 사람의 성범죄가 여러 사람 죽이고,  또한 한 가정을 풍비박산 만들기도 합니다.  또한 여러 사람에게 악 영향을 끼쳐 더 많은 사람이 피해를 봅니다.   이 성범죄의 피해를 받는 피해자들은 그 충격으로 패쇄적인 삶을 살거나 자살까지 하게 하는 범죄입니다.   이런 성범죄자는 "
2020-01-02,2020-02-01,인권/성평등,405,파렴치한 ** 출신 제약회사 회장을 고발합니다.,"**출신 **제약 *** 회장이 저지른 범죄를 낱낱이 고발합니다.

“갑”질하는 **제약 *** 회장이 저지른, 실로 상상할 수조차도 없는 최악의 더러운 개인 및 기업 범죄를 밝히고자 합니다. 

범죄사실이 발각될 것이 우려된 ***은 **제약 임·직원들을 동원하여 이미 매각하여 사라진 ****채권을 계속 보유하고 있는 것으로 분식회계를 하여 허위공시를 하며 증거를 인멸하고 자신의 범죄를 은닉하고 10여 차례에 걸친 대손충당의 방법으로 그 피해를 **제약과 힘없는 주주들에게 전가시켰고 100억원이 훨씬 넘는 부당이익을 취했습니다. 

** 출신의 ***은 **제약(주) 및 8개 계열사를 동원하여 2002년 *******을 유명한 ******회사를 인수하고자 135억원을 계열사이던 (주)****창업투자에 입금한 후 ******회사의 근저당채권 9건을 매입하였습니다. 

******회사의 경영권 확보에 실패하게 되자, ***은 **제약 상무이사 출신의 ****창업투자의 대표이사였던 ***(현재 수원교도소 수감 중)과 공모하여 2005년 8월 4일 위 채권을 국민연금 산하 *****베스트먼트에 매각한 후, 135억원을 수령하였습니다.  

이후, ***은 위 횡령 대금 중 572,220,000원을 자신 명의의 계좌로 송금 받았으며, 나머지 돈 130여 억원은 ***과 ***의 공동 사업인 의정부 상가, 상도동 주택 개발 사업을 위한 경비 등으로 유용하였습니다.

이후, 횡령에 대한 기소 의견으로 동작경찰서에서 송치된 ***에 대한 고소 사건(2014년 형제*****, *****호 횡령)에 대하여 “**** 근저당권부 채권 매각대금 사용에 대해 당시 ***과 합의하였으므로 횡령죄가 성립하지 않는다”고 ***은 주장하였는데, 이에 대하여 ***은 횡령 사건의 실제 피해자인 **제약(주)로 하여금 그 어떤 수사 협조나 서류도 제출하지 못하게 하며, **제약의 직원인 *** 및 관련자들로 하여금 “***으로부터 횡령 당한 사실이 없다”고 거짓말을 하게 함으로써 ***을 비호하며 증거부족으로 불기소처분 결정을 받게 만들었습니다. 서울지방검찰청 ** ***는 “이 사건은 매우 이상한 사건이다. 피해자가 피해를 국구 부인하기 때문에 혐의가 인정되어 보여도 기소하여도 승소를 장담할 수 없다”고 하였습니다. 이는 *** 본인이 **였던 경력을 이용하여 법을 본인에게 유리하도록 악용하였다고 할 수 있을 것입니다.

또한, ***에 대한 특경법상의 배임, 범인도피죄, 증거인멸죄(2017년 형제*****호) 등의 고소 사건에서도 ***은 ***을 시켜 **제약이 ***의 횡령 범죄 사실을 알게된 시기를 2008년 8월 21일이라고 거짓 진술을 하도록 함으로써 횡령 범죄가 발생한 시기인 2005년도에는 ***이 ***의 횡령 범죄에 가담하지 않은 것처럼 하였습니다.

두 개의 사건 중 앞의 사건에 대한 불기소처분의 주된 이유는 “피해자인 **제약이 피해 사실을 극구 부인했기 때문이라는 것”인 반면에, 뒤의 사건의 불기소 처분 이유는 “**제약 관계자들이 ***의 횡령 사실을 인지한 것은 2008년 8월 21일 경”이었으므로 2005년도 횡령 범죄는 물론이고 그 이후의 분식회계 범죄에 ***이 가담하지 않았다는 처분결정을 내린 것은 ***을 보호하기 위하여 검찰 스스로도 명백하게 모순된 결정을 내린 것입니다. 즉 ***은 공범인 *** 사건에서는 횡령 당하지 않았다고 진술했다가 자신에 대한 고발 사건에 대해서는 횡령이 발생한 시점으로부터 한참 지난 후인 3년 후에 비로소 알게 되었다고 거짓말을 한 것입니다. 

**제약 관계자들을 동원한 ***의 범죄행위 은폐는 결국 성공하였고, 이로 인하여 ***이 저지른 위 범죄는 2018년 12월 31일 공소시효가 만료 되었습니다. 이로써 ***과 ***이 저지른 거대한 규모의 횡령/분식회계/ 범죄는 ***의 증거인멸과 범죄은폐 범죄로 말미암아 영원히 묻히게 되었던 것입니다. 

명백한 증거가 있음에도 불구하고 ** 출신의 대기업 오너가 저지른 범죄는 그의 막강한 권력과 그의 배후 세력, 회사 전체를 조직적으로 이용하여 방어 행위 등으로 인하여 쉽게 밝혀지지 않았던 것입니다. 

무릇 법은 모든 대한민국 국민들에게 평등해야 함에도 불구하고 최악의 개인 및 기업 범죄를 저지른 힘 있는 ** 출신의 대기업 오너는 소환조차도 당하지 않고 면죄를 받는 것이 이 나라의 현실입니다. 

고심 끝에 2019년 4월 23일 국민권익위원회를 상대로 ***과 **들에 대한 고발장을 제출하게 되었고 위 사건은 중앙지방검찰청 *** **에게 배당되었습니다. 그러나 중앙지검은 6월19일 고발인 진술만 받은 체, 현재까지 아무런 추가 수사를 하지 않고 있으며 심지어는 피고발인을 단 한 차례도 소환조차 하지 않았습니다. 

2005년 8월 4일 횡령한 돈 135억원에 대한 범죄사실이 제대로 밝혀졌더라면 당시 ***에 대한 정당한 처벌이 이루어졌을 것임은 물론이고, 그가 오늘날과 같은 수천억 원 이상을 가진 거부가 절대로 될 수 없었을 뿐만 아니라. **제약 그룹의 승계자가 될 기회는 물론 최악의 갑 질을 할 기회도 영영 사라졌을 것입니다. 

그러나 ** 출신의 대기업 오너라는 막강한 힘을 이용하여 온갖 범죄 행위를 저지르며 더러운 범죄 행위를 은폐하는데 성공한 ***은 그 어떤 타격도 입지 아니한 체 승승장구하며 그토록 심한 갑질을 하고도 2020년도 초에 다시 **제약의 경영에 복귀하려 하고 있습니다. 

위와 같은 *** 회장의 모든 영광된 지위가 그 누구도 저지를 수 없는 거대하고도 더러운 범죄를 저지르고, 그 범죄를 덮기 위하여 더욱 큰 더러운 범죄를 저지른 결과라고 한다면 이제는 그의 지위와 영광을 국가와 사회 그리고 **제약 및 힘없는 주주들에게 환원해 주어야 할 때입니다. 

***이 저지른 범죄 행위에 대한 증거가 매우 명료하고, 검찰 스스로도 모순된 결정을 하였음에도 불구하고 수사가 더 이상 진행되지 않고 있는 이유는 ** 출신의 대기업 오너인 ***의 힘과 그에게 비위를 맞추어 출세하려는 **제약 관계자들 및 부패한 수사 기관 관계자들의 적극적인 옹호가 있었기 때문에 가능했습니다. 

이 추악한 부패의 사실을 낱낱이 밝혀서 법과 진실은 모두에게 평등하게 적용되어 죄지은 자는 처벌을 받고 힘없는 자들은 보호를 받을 수 있도록 하여 주십시오. 

** 출신의 대기업 오너인 ***에 대한 검찰 수사에서 볼 수 있듯이 검찰권의 남용이 견제되지 않는다면 대한민국 국민들에 대한 사법 평등은 영원히 달성되지 않을 것입니다.

 [본 게시물의 일부 내용이 국민 청원 요건에 위배되어 관리자에 의해 수정되었습니다]"
2020-01-02,2020-02-01,인권/성평등,"2,111",의료사고 피해자를 위한 현실적인 판결과 소송 절차를 마련해주세요.,"안녕하세요, 저는 폐경기 여성이라는 이유만으로 의료사고에 대한 치료비를 인정받지 못한 한 어머니의 아들입니다. 

 1993년, 저희 어머니는 제 동생을 울산의 한 병원에서 제왕절개를 통하여 출산하였습니다. 이 후 해당 병원으로부터 난소와 자궁에 근종이 있다는 검진 결과와 함께 '근종이 커지지만 않으면 크게 문제되지 않을 것이다.'라는 말을 들었습니다.  그 뒤로 근종이 커지지 않을까, 혹은 암으로 변하지는 않을까 하는 두려움과 함께 정기적으로 검진을 받았습니다. 근종 때문인지 자주 방광염도 걸리고, 해당 부위가 저린 느낌을 자주 받았습니다.

그리고 2017년, 어머니는 일을 하던 중 넘어지며 갈비뼈에 금이 가는 사고를 당하셨습니다. 곧바로 병원으로 갔었는데, 하복부에 알 수 없는 출혈이 발생하여 하복부를 개복하였습니다. 그런데, 거기서 발견한 것은 생각지도 못한 것이었습니다. 여러 장의 거즈가 방광과 난소, 그리고 자궁에 유착되어 알 수 없는 형체를 이루고 있었습니다. 지금까지 근종인 줄 알았던 것의 실체였습니다. 그리고...유착이 너무나 심했던 탓에, 유착된 부분 전체를 적출하고 평생 호르몬 대체요법을 할 수 밖에 없게 되었습니다.   

24년간 근종인 줄 알았던 것이 사실은 거즈였다는 점, 자궁 전체를 적출하게 된 점 등 믿기 힘든 사실을 알게 되고, 어머니는 며칠간 심한 충격에 빠지셨습니다. 어느 정도 안정이 된 후, 몸속에 거즈를 넣은 병원에게 연락을 취하고자 했습니다. 

그러나, 저희는 병원으로부터 어떠한 대답도 들을 수 없었습니다. 저희는 병원측의 진심 어린 사과만 있었다면, 원만하게 합의하려고 했습니다. 그러나 너무나 명확한 사실에도 무응답으로 일관하는 병원과 대화할 수 있는 방법은 소송밖에 없었습니다. 그렇게 2017년부터 시작된 소송은 2019년 11월에 1심이 종료되었습니다. 결과는 위자료 및 자궁 적출 수술비, 그리고 그로 인해 일하지 못한 기간의 보상을 다하여 2,200만원 정도가 전부였고, 향후 받게 될 호르몬 치료요법의 치료비와 24년간 거즈가 몸속에 있으며 알게모르게 받게 된 피해와 공포에 대한 것은 전혀 인정받지 못하였습니다.

소송 중 힘들었던 점은, 신체감정을 위해 방문한 의사가 보여준 태도 였습니다. 감정 의사는 폐경기 여성은 자궁이 없어도 문제가 없다는 식으로 말하였고, 말 한대로 감정 결과를 발급하였습니다. 판결에도 신체감정을 한 의사의 의견이 아주 많이 반영된 것 같습니다. 판결문에서는 자궁 적출 수술 후유증으로 인해 하게 된 '호르몬 대체요법'이 '만 52세의 일반적인 폐경 후 여성에서도 시행될 수 있는 처치인 사실이 인정되어, 피고들의 과실로 인한 손해로 보기 어렵다'라고 판시하였습니다. 이는 여성을 인간으로 바라보기 전에, 출산을 위한 도구로 보지 않으면 나올 수 없는 판결이라고 생각합니다. 

그러나, 1) 자궁 적출 당시 어머니는 폐경기가 아니었던 점, 2) 만 52세의 일반적인 폐경 여성이 모두 호르몬 대체요법을 시행하는 것은 아닌 점 3) 평생을 어쩔 수 없이 호르몬제를 먹으며 살아가야 하는 점을 생각하면 이 판결은 도저히 납득할 수 없어 항소를 진행하고 있습니다. 

덧붙이자면 93년에 수술이 시행되어 시효 만료로 인해 형사상 책임을 물을 수 없는것도 매우 억울합니다. 어떻게 몸속에 거즈가 있을 줄 알고 10년내로 형사상 책임을 물을 수 있을까요? 이런 경우라면 거즈 발견 시점을 시효 기산일로 해야하는 것이 아닐까요..

1심 및 2심을 진행하는 과정에서 우리 가족은 정신적 및 경제적 어려움을 겪게 된 반면, 울산에 소재한 피고 산부인과는 저희에게 단 한번의 대화없이 버젓이 영업을 하고 있는 것을 보면 너무 화가 납니다. 플랜카드나 1인시위, 전단지 등도 생각해보았지만 저희를 포함해 대부분의 의료사고의 피해자는 가해자 측의 적극적인 역대응에 이 마저도 조심스러운게 현실입니다. 

한 언론에 따르면 의료사고 소송은 매년 늘고 있지만 환자가 이기는 경우는 1%도 되지 않는다고 합니다. 정말 의료사고 소송을 진행해보니 공감이 갑니다. 의료 자문을 구하는 기관도 모두 같은 의사로 구성되어있고, 피해 입증도 피해자가 해야하는데 증거는 모두 병원이 가지고 있습니다. 저희같이 명확한 사건도 병원측에서는 가해자가 아니라고 잡아떼는 데 다른 피해자는 어떨까 염려도 됩니다.

글을 마치며, 국가에서는 의료사고 피해자들을 위해 현실적인 피해 보상 기준을 마련하고, 피해 입증 책임에 대해서 증거 확보가 어려운 피해자에게만 입증 책임을 지우는 것은 매우 불합리하다고 생각하며, 의료사고 소송 승률이 1% 밖에 되지 않는 이유에 대해서 고민하였으면 좋겠습니다.

긴 글 읽어주셔서 감사합니다."
2020-01-02,2020-02-01,교통/건축/국토,"3,000",우리는 지금 살해 위협을 받고있습니다,"우리는 전라북도 군산시에 민영 공공 임대아파트에 계약하여 입주를 기다리고 있던 가진 돈 없는 서민들입니다.
주택도시보증공사가 보증한다는거 하나 믿고 가진게없어 은행 대출로 간신히 계약금과 중도금을 납입하였습니다.
입주시기가 지난지 2년여가 되어갑니다.
아파트 공사 시작이 2015년도입니다.
지금은 2020년입니다.5년여가 다 되도록 공사기한 연장이 세번입니다.입주 당연히 못했고요, 앞으로도 언제 공사가 마무리 되어 들어갈수 있을지 아니,이제 들어갈수조차 없습니다!부실공사의 현황이 뚜렷합니다!증거충분 합니다!
능력없는 시행 시공사를 승인하고 제대로 된 감리도 하지않아 부풀린 공정율과 부실공사의 흔적들.. 자금 부족으로 공사기한 연장 3회..그동안 우리 계약자들은 살던 집에서 쫒겨나 원룸과 월세를 전전하고 맘편할 날 없는 생활을 하고있습니다. 서민들에 관심없는 공무원들..누구를 위한 지자체입니까!!
우리들은 하루하루 피눈물을 흘리고 억장이 무너집니다.무지하고 선량한 서민들의 등을치고 사기를 치는게 아니고 무슨 행위들입니까! 우리 입주예정자들에게 단 한번도 이야기한적 없는 약관 운운하며 약관대로 시행한다 합니다. 허나 지금까지 보지도 못한 듣지도 못한 약관에 따라 우리의 목숨을 내놓아야 합니까!!!! 법대로 하였다면 계약서대로 하였다면 아니 애초에 이런 능력없는 시행 시공사에 민영공공 임대 아파트를 맡기지 않았다면 제대로 따져보고 결제했다면 이같은 비참하고 감부여잡고 울부짖는 상황은 안됐을겁니다. 결제 서류에 싸인만하면 다 라고 생각하십니까!!!책임을 지십시오.
보증공사.국토부.군산시.시공사 **건설은 이 모든일에 책임을 지십시오
환급이행만이 우리들의 살길입니다!
나 하나만의 일이 아닙니다.앞으로 누군가의 일이 될수 있습니다.
부실공사인것이 명확한데 거기에 들어가 살라니요..이것은 명백한 살인행위 입니다! 우리들의 목숨을 가지고 장난질치지 마십시오! 아무도 우리일에 자기일처럼 나서지 않습니다, 본인들 본인 가족들일이라면 이렇게 무시하고 가만히 있을수 있을까요, 여러분..문재인 대통령께 간곡히 간청드립니다.
우리들의 사정에 귀기울여주세요!
내 목숨 좀 내 가족들..내 가여운 아이들의 목숨 좀 살려주세요!!
입주이행 불가합니다!언제 무너질지 모르는 부실 아파트에 목숨 담보로 들어갈 수 없습니다! 환급이행만이 살길입니다!
도와주세요..

 [본 게시물의 일부 내용이 국민 청원 요건에 위배되어 관리자에 의해 수정되었습니다]"
2020-01-03,2020-02-02,행정,439,전주지방 노동청 근로감독관들의 불합리한 소상공인 괴롭히기의 시정을 요구하며,"저는 전북 전주에서 **편의점을 운영하는 25세 청년의 아비되는 올해60세 되는 사람입니다,
젊은 나이에 내새울 학력이나 특별한 기술없이 여기저기 기웃거리며 일거리 찾아다니던 아들이 편의점을 하나 내주면 진짜 열심히 한번 해보겠다고 애원하기에 무리를 해서 해주었던게 불행의 시작 이었읍니다,
다들 아시다시피 편의점 사업이 그리 녹록치 않았읍니다, 그러나 그것을 깨달았을땐 이미 저는 낮에 직장일 끝내고 한두시간 눈붙이고나서 더시 편의점 야간일을 하고 낮엔 아들이 보면서 둘다 일주일에 하루쉬고 하루거의 12~3시간을(청소및 물건정리로 겹치는시간까지) 일해 손에 쥐는돈이 200여만원 남짓 됩니다, 그것도 둘이 합해서
그러니 일주일에 하루 쉬는것 말고는 어지간한 일로는 알바쓸 엄두도 못내고 삽니다.
그런데 작년 1월초순경에 아들이 물건정리하다 냉장고위 물병세트(1,5L6개묶음)가 떨어져 손등쪽이 금이가는 부상을 입어 음료수박스나 물.술등 무거운것을 들지 못해 시간나는대로 제가 처리하는 식으로 해 나가던중 1월 하순에 덩치큰애를 저에게
소개하더군요, 동네후배 서00이라고 해서 ""그러냐""했더니 대뜸 서00이 형한테 여러가지로 도움 많이 받고 그래서 손 다쳤다길래 무거운거 옮겨주고 도와주러 왔읍니다,하고 큰소리로 떠들기에 알았다,고맙다 하고 넘어 갔는데 
그 다음날부터 단골손님 들로부터 시커먼 덩치큰놈이 맨날 자고있고, 또다른 손님은 뭐저런애를 쓰냐고 뭐라해서
알바가 아니고 아들 후밴데 아들이 손을 다쳐 도와주러 왔다고 해명을 해도 먹는거 아니면 자는거 밖에 못보았다며
내보내라고 단골손님들이 너무 성화여서, 다음날 앞으로 나오지 말라하고 아들에게도 손님들이 싫어하니 오지 못하게 하라 일렀읍니다,
그리고 가끔 제눈에띄고 했지만 놀러 왔다고 하길래 크게 신경쓰진 안았읍니다.
그러다.5월경에 고용노동부 전주지청 (이하전주지청)최00근로감독관 으로부터 출두요구서가 와 가보니 위에서 언급
한 서00이 임금체불을 이유로 고발이 들어 왔다는 겁니다,
저는 직장 생활을하니 당연히 아들이 급히 알바를 구해놓고 가서 조사를 받았읍니다, 이틀씩이나. . .
저녁에 교대 하면서 자초지종을 들어보니 서00이 완전히 계휙적 이었던겄 같았읍니다.
본인이 편의점에 온날짜 시간 떠난시간등을 상세하게 적어 제출했는데 일반 알바처럼 일정한 시간의 출퇴근이 아닌 들죽
날죽 시간을 상세히 메모해 보관 했다하니 계휙적이지 않으면 할수 없는일 아닙니까?
그리고 전주지청에 임금체불 고발도 몇개월 있다가 하구요,
그래서 너무 화가나서 아들만 혼줄을 내고 다음날 회사 휴가를내고 다시 알바를 구해놓고 전주지청에 가서 최00 근로감독
관에게 자초지종을 설명하고 우리는 서00을 고용한적도 없으므로 걔가 제출한것을 근거로 우리아들에게 죄를 묻겠다면
차라리 벌금을 맞고 말지 저런놈에게 이런식의 소득도 얻을수 있구나 하는 요행의수를 알게 하는 선례를 남기고 싶지 않다고 단호이 말했읍니다. 이일이 있고나서 알아보니 서00이 소년원을 들락거리고, 지금도 보호관찰 대상이며, 번화한 유흥가 길등에서 지나가는 차에 부딫혀 병원에누워 합의금을 요구하거나 지나가는 취객에 시비걸어 한대 맞고 합의금을 받아내 사는
한마디로 막장 인생 이었읍니다. 그런 사실도 근로감독관에게 알려 드렸고요,
하지만 서00이는 법도 잘알아 자기가 미성년자인데 부모 동의없이 일을 시컸으니 그것도 처벌하라고 감독관에게 난리를 피운 모양입니다, 물론 저는 고용한적 없으니 저촉될게 없으니 마음대로 하라고 했읍니다, 
하지만 아들은 몇번의 소환이 더 있었고 최00 근로감독관이 합의하는게 유리하다고 합의를 종용하기에 감독관의 조언대로
미성년 취업위반을 포함 임금.폭언(카톡등 sns상에서 젊은이들의욕)제반 모든사항에 100만원을 주는 조건으로 합의를
하였읍니다,
그런데 왠걸? 삼개월쯤 있다가 담당 근로감독관이 바뀌었는데 서00이  또 고발을 했다고 소환장이 온겁니다,
전주지청 사법경찰 오00해서, 우리서민들은 사법 경찰하면 죄도 없이 주눅이 들잖아요!
둘이서 25시간 일해서 겨우 200남짓 벌면서 그만두고 싶어도 그만 두지도 못하고, 알바쓸 형편이 못되어 낮엔 직장에서
졸고 밤엔 편의점에서 졸아가며 죽지 못해 사는데 우릴 무슨 악덕업주로 몰아가는건지 알수가 없네요,
암튼 이번엔 화가나서 엄청 따졌읍니다. 당신들은 일사 부재리의 원칙도 모르고 전임자와 인수인계도 안하느냐고,
그래도 힘없는 서민이 어찌하겠읍니까? 알바구해놓고 2번 조사받았지요, 이번엔 진짜 끝난줄 알았읍니다,
그런데 이번엔 경찰서 였읍니다, sns상의 욕설을 모욕죄로 고소해서 3번 출두해서 혐의없음으로 종결되고
 한4개월후 전주지청에서 또 소환장이 날아 왔읍니다. 서00이 또 고발을 했고 담당이 또 김00으로 바뀌어 다시 조사해야 한다고,이게 진정 대한민국이란 법치국가에서 말이 되는 이야긴지. . . .
이제 가서 따질 힘도없어, 또 피같은 돈들여 알바구해놓고 전주지방노동청 3번다녀오고, 전주지방 도동청에서 다시검찰에 넘겨서 검찰청에2번 다녀온뒤 검찰에서 공소권 없다는 통보도 받아 이젠 진짜진짜 끝난줄 알았읍니다,
그런데 또,또, 소환장이 왔읍니다, 서00이 또 고발을 했고 담당이 권00로 바뀌었으니 다시 출두하라고. . . . . 
이제 헛웃음도 안나옵니다, 하도 어이가 없어서, 우린 이형편에 언제까지 알바구해놓고 출두해 조사 받아야 할까요, 
60된 내가 죽기전에 끝날수 있으려는지. . . . 
이런 나쁜 관행은 고쳐져야 되지 않을 까요?

김**/*** **** ****

 [본 게시물의 일부 내용이 국민 청원 요건에 위배되어 관리자에 의해 수정되었습니다]"
2020-01-03,2020-02-02,안전/환경,634,우리 아이들의 안전이 위협당하고 있습니다.,"[반송중 운송중 통합후 이전에 우리 아이들의 안전이 위협당하고 있습니다.]

부산 해운대구 반송중과 운송중이 통합하여 내년 2020년 3월부터 운송중부지에서 아이들이 학교생활을 시작합니다.

통합합의시 운송중부지에 학교건물 리모델링과 다목적강당을 신축하고 학교이전을 진행하기로 계획되었습니다.

그런데 강당공사가 연기되면서 ( 2019.11.11 학교 홈페이지 공지 -2021년 10월 완공예정) 신입생 학부모들과 이전 해당되는  현, 반송중 1,2학년 학부모들에게 가정통신문등의 안내가 없었고 홈페이지에 올려진 공지를 확인한 몇몇 학부모들의 문의로 급하게 해운대교육청 담당자들의 설명회(11.25)가 열렸습니다.

설명회에서 참석 학부모들의 요구사항은 현 반송중학교에서 공사완료후까지 안전하게 학교생활을 할수 있도록 해달라는 것이였습니다.

다목적강당 공사가 진행중인 학교에 학생들이 등교를 할 경우 공사차량 및 건축자재 적재로 인한 안전문제, 공사소음, 공사먼지등에 우리아이들이 노출될 우려가 자명하기때문입니다.

더욱 큰 문제는 현 반송중 1,2학년 재학생들과 예비 중학생인  초등5,6학년 또한 공사현장에서 학교생활을하는중에 이러한 위험한 환경에 다 함께 피해자가 됩니다.
(겨울방학이 시작된 현재까지도 인근 4개 초등학교에는 안내문 조차 없어서 예비중학생과 학부모들은 이사실을 모르고 있는 경우도 있습니다)

헌데 교육청의 답변에 학부모들은 기가막혔습니다.
행정절차(조례제정2019.11.13)가 완료되었으므로  더이상 
현 반송중 부지에는 학생을 수용할 수 없다는 것이였습니다.
뻔히 아이들이 공사장에 내몰리게 되는것을 알면서도 나름 교육전문가라는 교육청 관계자들이 탁상행정만으로 300여명의 학생들을 안전한 학교에서 공사장이 될 곳으로 이전강행 하겠다고 하고 있습니다.

이에 본교 학부모들은 2020년 3월 학교이전의 심각성을 인지하고 교육청의 조례재개정을 촉구하고자

학부모 대의원회에서 의결하고 학부모회 주관으로 12.20(금) 실시한 반송중 이전에 관한 전체 학부모 대상 설문조사 결과 77.4% 의 학부모님들께서 강당공사완료후 이전을 원하신다는 결과가 나왔습니다.

나머지 학부모님들의 의견 또한 전적으로 공사전 이전을 수용한다긴 보단 교육청의 이전후 강당공사 실시 (조례재정등 행정절차)에 따른 돌파구가 없는 상황이라   현 반송중에서 공사전까지 안전하게 수업받을 수 있는 방법을 구체적으로 제시 해달라는 입장이셨습니다. 이번 설문조사를 통해 가장먼저 아이들 안전이 우선시되어야 한다는 재학생 학부모님들의 뜻을 다시한번 확인할수 있었습니다.

교육청 담당자들의 실적쌓기에 최대 피해자는 우리 아이들입니다.
체면때문에 바로 다시 조례제정을 올릴 수 없답니다.
선례를 남길 수 없기때문에 이전말고는 답이 없답니다.

학교는 그 어떤곳보다 안전해야 하는 곳입니다.
그 어떠한 법도 아이들 안전보다 우선일 수 없습니다.

다른학교에서도 공사가 진행중인 곳이 있지만 아무런 문제가 없다고 교육청은 말합니다.
세상 어느 부모가 공사장에 자녀를 보내고 싶겠습니까?
어쩔 수 없으니 참는게지요.
대규모 공사에서 100% 안전은 그 누구도 장담할수 없습니다.

부디 어른들의 잘못으로 아이들의 안전이 위협당하지 않도록
도와주세요.
소 잃고 외양간 고치는 격이 되지 않도록 어른들이 나서주세요.

감사합니다. 

반송중학부모회, 반송중 학생안전대책위원회"
2020-01-03,2020-02-02,육아/교육,284,"5년 뒤 모교가 사라지는 어느 학생의 이야기, ‘특목고 폐지를 반대합니다’","안녕하세요, 저는 올해 대학에 입학하는 서울 소재 외고 졸업생입니다. 최근 특수목적고 일괄 폐지가 현실화되고 있는 상황에서, 당사자로서 문제의식을 가져 이에 대해 짧은 소견을 적어보고자 합니다. 상호 존중을 바탕으로 활발하게 소통하고, 보다 다양한 의견을 수렴해 사회적 합의를 이끌어내기 위한 시민 참여의 일환으로 읽어주시면 감사하겠습니다.

1. 팩트 체크부터
① 외고는 귀족학교다?
 당사자인 재학생의 상황을 들여다보고 그들의 의견을 이해하려는 태도가 부족하여, 그들에 대한 배려는 고사하고 실제 상황 파악부터 제대로 되지 않았다고 느꼈습니다. 그 이유 중 하나는 특목고는 귀족학교다, 학교 타이틀로 공부를 안 하고도 좋은 대학에 간다는 사회적 통념이 존재함을 감지할 수 있는데, 이것에는 몇 가지 오류가 존재하기 때문입니다. 특목고의 학비가 일반고보다 많이 드는 것은 엄연한 사실입니다. 하지만 특목고에 다니는 학생들은 대부분 소위 ‘금수저’인 것이 아니라, 학교의 좋은 면학 분위기를 위해, 우수한 학생들과의 경쟁을 위해 투자를 하는 것이며, 실제로 따지자면 ‘중산층’에 속하는 학생들이 절대 다수인 것으로 알고 있습니다. 기득권층에 대한 인식은 상대적일 수 있기에, 비싼 학비를 감당할 여건이 된다는 것이 다시 귀족학교라는 증거가 된다는 것으로 받아들여질 여지가 있습니다. 하지만 대부분 특목고는 20%이상을 사회통합전형에서 선발하며, 무엇보다 부의 분배 문제는 이 주제와 동일 선상에 놓일 수 없다고 생각합니다. 불평등 자체를 척결하는 것이 옳다면 대한민국에서는 예체능 등을 포함한, 공교육 이외의 어떠한 사교육도 있어서는 안 되는 것이겠죠.

② 외고 학생들은 노력 없이도 대학을 잘 간다?
 ‘부모의 지갑 두께가 자녀의 학벌을 결정한다’는 말을 부정하기 위한 여러 예시를 설명드리겠습니다. 특목고에 다닌다는 것이 좋은 대학이라는 결과를 보장해주는 것도 아니고, 특목고 학생들 대부분은 각자 엄청난 노력을 하고 있습니다. 특목고 안에서도 다양한 삶의 방식이 있고, 고생한 모습만을 어필하며 감성을 자극하는 것으로 보일까봐 조심스러우나, 이해를 돕기 위해 일반적인 외고 학생의 일정을 말씀드리겠습니다. 내신 시험 한 달 전은 이미 대부분의 학생이 본격적인 시험공부에 돌입했을 시기입니다. 하지만 각종 대회, 영어/전공어로 영상 제작, 보고서 작성, 독후감 작성, 피피티 발표, 연구보고서 작성 등 등 수행평가와 각종 활동은 시험 2주 전까지 계속되며, 시험이 끝나면 그 양은 더 많아져, 저는 2주동안 5번의 발표를 치렀던 적도 있습니다. 그리고 외고는 과별로 인원이 적어서, 단위 수가 큰 외국어 과목을 그 안에서 판가름내야 하기에, 그리고 전반적으로 우수한 학생들 사이에서 많은 과목에서 뛰어난 성적 조합을 산출하기가 매우 어렵기에, 내신 숫자 자체가 일반고와 기준이 상이할 수밖에 없습니다. 그 ‘전반적인 우수함’은, 모의고사 교내 등급에서도 확인할 수 있는데 영어의 경우 반 이상은 1등급이며 국어와 수학에서도 대부분의 아이들이 1-2등급을 목표로 삼고 실제로 그에서 크게 벗어나지 않는 성적을 거두고 있습니다. 내신 시험에서는 100점을 맞은 학생이 40명, 심지어는 100명 가까이 나오는 바람에 모든 문제를 맞혔음에도 3~4등급이 나온 경우가 발생한 적도 있고, 전공어 시험에서는 1등급이 판가름나지 않는 경우가 허다할 정도로, 특목고의 현실은 치열하다는 것입니다.
 일반고와 비교해서 어느 쪽이 더 힘드냐를 따지려는 것이 아닙니다. 다만, 귀족학교라는 타이틀로 특목고 학생들의 노력을 평가절하해서는 안 된다는 것입니다. 이렇듯 특목고 학생들은 그들 사이의 경쟁 속에서, 발표, 동아리활동, 연구보고서 작성, 수행평가에 내신과 모의고사까지 챙기며 치열하게 살고 있습니다. 이를 대학에서도 알고 있고, 그렇기에 수시 전형에서 활동 등을 통해 내신 숫자에 가려진 그들의 능력치를 평가하는 것입니다.

③ 외고는 그 목적성을 상실했다?
 특수목적고등학교란 특수 분야의 전문적인 교육을 목적으로 하는 고등학교를 말하며, 외국어고등학교는 그 중에서도 외국어를 중점적으로 공부하는 학교입니다. 외고가 그 목적성을 상실했다고 말하는 것은 외국어 학습보다는 대학 입결을 위한 목적으로 진학을 결정하는 학생들이 많아지고, 실제로 그러한 방식으로 커리큘럼 등이 운영된다는 의미일 것입니다. 우선 제 모교에서는 일주일에 전공어로 8시간, 영어로 6~9시간을 수업시간으로 배정합니다. 또한 원어민 선생님들과 전공어로 수업을 하기도 하며, 해당 언어로 즉석 인터뷰를 진행하고, 발표하고, 영상을 제작하는 등 상당히 난도가 높은 수행평가를 치르게 되며, 제가 다녔던 학교에는 영어는 말할 것도 없고, 각종 언어를 섭렵해 원어민 수준으로 구사하는 친구들이 많았습니다. 이렇듯 외국어는 외고 학생들의 학습 전반에서 엄청난 비중을 차지하며 그 중요성을 모두가 알고 열정적으로 학습에 임합니다. 그럼에도 내신 시험으로 아이들의 실력을 평가할 수밖에 없는 우리나라의 공통적인 상황 때문에, 암기식 공부가 주가 되고 언어를 보다 실용적으로 익히고 사용할 기회가 줄어들게 되는 것은 사실이나, 이 문제의 원인은 외고의 교과과정보다는 우리나라의 입시제도와 교육방식에 있는 것이라 생각합니다.
 그리고 보다 현실적인 이야기를 하자면, 대부분의 학생들은 대학을, 자신의 미래를 고려해 자신에게 적합하다고 생각되는 고등학교에 진학할 것을 결정합니다. 특목고에 갈 수 있는데도 내신 점수를 위해 일반고에 진학하는 학생들도 많아지는 현 시점에서, 특목고가 대학에 잘 가기 위한 학교라고 비판을 받을 이유는 없다고 생각합니다.

 외고를 포함한 특목고가 비판을 받고 있는 이유 중 세 가지, 그리고 이에 대한 제 반박에 대해 말씀드렸습니다. 앞서 언급한 문제들에 대한 대응방안은 현재 크게 두 가지, 특목고와 자사고 폐지, 그리고 정시 확대인데요, 이에 대한 제 생각도 말씀드리고 싶습니다.

2. 문제적 ‘해결’방안
① 특목고, 자사고 폐지, 무엇을 위한 ‘형평성’인가?
 그렇다면, 이런 ‘우수한’, 다양한 능력을 지닌 아이들을 일반고 속에 통합시키는 것이 과연 교육의 기회균등과 일반고의 수준 향상을 꾀하는 길일까요? 현재 우리는 ‘형평성’이라는 키워드에 과도하게 의미를 부여하고 있는 것으로 보입니다. 평등을 목적으로 한 이러한 정책은 하향 평준화를 초래할 것입니다. 유수의 특목고에 진학할 예정이었던 인재들, 외고와 국제고에서 외국어로 대화하고 외국어로 수업받을 친구들을 기회균등이라는 이름으로 일반고에 종속시키는 것은 인재 낭비일 수밖에 없습니다. 이는 특목고가 현재 아무 문제가 없는 상태라는 게 아니며, 제 의견에 대해서 다른 생각을 가진 분들도 분명 계실 것입니다. 하지만 제가 이 글을 쓰는 이유는, 특목고에 문제가 존재한다면 그 때문에 특목고를 폐지하는 것이 아니라 그를 해결하는 것이 우선이 되어야 하며, 국가가 학생들이 자율적으로 선택할 권리, 원하는 학교에서 원하는 것을 학습할 권리를 박탈할 수는 없기 때문입니다.
 그리고 영재고와 과고는 특목고, 자사고와 함께 폐지되기는 커녕 그러한 논란과 별개인 것처럼 평가되고 있는 것으로 보입니다. 갑작스럽게 문이과 통합까지 추진된 상황에서, 그들의 우수성은 인정하고 외고와 국제고의 탁월성은 부정하는 기준은 동의하기 힘듭니다. 최근 문과를 폄하하고 무시하는 사회적 인식이 만연한데, 이를 개선하고 진정한 문이과 통합을 꾀하고자 한다면 국가적 차원에서부터 인문학을 존중하는 태도를 보일 필요가 있다고 생각합니다.

② 수능은 평등한가? 그리고 바람직한가?
 마지막으로 수시와 정시 제도에 대해서도 말하고 싶습니다. 수시보다 정시가 더 ‘평등’하기에 이를 확대하는 것이 바람직하다는 것은 다소 시대 착오적이라고 생각합니다. 모두가 동등한 기회를 갖고 정당하게 응시해 숫자로 드러나는 성적만으로 판가름하는 정시, 듣기에는 문제 없어 보입니다. 하지만 기회가 동등하지도 않고, 국어, 수학 ‘문제를 잘 푸는’ 학생이 대학에서 원하는 인재인지도 의문이 듭니다. 
 종로학원하늘교육에서 지난 12년간 한 해에 10명 이상의 서울대 합격생을 배출한 상위 60개교를 조사한 자료에 따르면, 수시 합격생의 비율은 2007년에 최고 67.2%를 기록하고 2012년부터 하락세를 보여 2018년에 58.8%를 기록했습니다. 반면, 정시 합격생의 비율은 2007년에 63.5%로 가장 낮았고, 이후 지속적으로 상승해 2014년에 91.8%, 2018년에 89.2%를 기록했습니다. 따라서 정시 비율이 확대된다면 좋은 학군, 즉 상류층 학생의 상위 대학 점유율이 지금보다도 더 높아질 것은 자명합니다. 양질의 학습자료와 최고의 스타 강사에 드는 비용을 감당할 수 있는 사람, 재수의 부담을 견딜 수 있는 사람이 유리해질 것입니다.
 또한, 학교에서의 수업은 무의미해질 것이며, 학생들은 보다 수능에 가까운 것만을 취하고자 할 것입니다. 이는 내신 시험이 종료된 3학년 2학기의 모든 학교의 분위기에서 확인할 수 있을 것입니다. 대학 진학을 위해 각자에게 필요한 공부를 하는 것이 당연하고, 그것이 수능 공부인 학생들이 많아질수록 학교에서의 학습은 그 힘을 잃게 될 것입니다. 학교 선생님들보다 공신력과 신뢰도가 높다고 생각되는 강사들과 함께 그들이 제공해주는 효율적인 학습자료로 수능을 준비하는 것이 효과적이며, 수행평가와 학교 시험, 심지어는 학교 수업 등으로 시간을 낭비할 필요도 없기 때문입니다.
 무엇보다 중요한 것은, 그렇게 좋은 성적을 거둔 학생들이 과연 국가에서 양성하고자 하는, 대학에서 원하는 인재냐는 것입니다. 객관식으로 이루어지는 일괄적 시험의 결과로 알아낼 수 있는 것은 시험 점수라는 결과값 그 한 가지밖에 없으며, ‘수학 문제를 빨리 푼다’는 것이 ‘수학을 잘 한다’는 것과 동치가 될 수 없듯이, 사람의 자질은 우리가 생각하는 것과 같은 인과관계를 갖지 않습니다. 특히 인성과 같은 내적인 부분은 평가할 수 없음이 명백하고요. 많은 대학의 건국이념과 비전에서 알 수 있듯, 이 시대는 국영수 문제를 빠르고 정확하게 푸는 능력을 갖춘 학생보다는, 자신이 목표하는 분야에서의 전문성을 갖추고 그룹을 이끌 수 있는 사람을 원하는 것으로 보입니다. 형평성에 너무 치중한 나머지, 수시 제도가 활성화되기 시작했을 때부터 공정한 평가를 실현하기 위해 노력해왔음에도 불구하고, 학생을 수능이라는 하나의 근시안적이고 장기적으로 실용적이지도 않은 목표에 가두고자 하는, 시대를 역행하는 상황이 안타깝습니다.
 몇 년 전 숙명여고 사건, 그리고 최근 조국 전 법무부장관의 딸 사건으로 수시 제도에 대해 이러한 사회적 문제의식이 거세게 일어나고, 교육에서 형평성이 중요한 고려사항으로 대두된 것으로 생각됩니다. 하지만 그러한 부정부패를 척결하는 것이 핵심이지, 수시 제도 자체를 위축시킴로써 이를 해결하려 드는 것은 학교폭력을 예방하기 위해 학교를 없애야 한다는 격의 어불성설이라고 생각합니다.

3. 해결을 위한 태도와 방향
 그렇다면 비리의 위험성, 특목고의 퇴색된 목적성, 일반고의 수준을 향상할 필요성 등, 현 상황에서 교육의 문제로 거론되는 점을 바람직하게 해결하는 방안은 무엇일지 생각해보았습니다. 이 글을 쓴 목적이 특목고의 상황 전달과 교육정책에 대한 비판인 만큼, 해결방안에 대해서는 보다 설득력있게 말씀드리지 못한 것 같아 양해 부탁드립니다. 저는 입시제도와 대학 서열화 극복이라는 근본적인 것에서부터 시작해, 사회적 소수자의 고등학교와 대학교 입시에서의 적극적 우대 확대, 특목고 학비 규제 그리고 목적에 따른 학교의 차별성을 발전시키기 위한 지원, 일반고 진로 계발 활동 지원 등이 그 해결방안이 될 수 있을 것이라고 생각합니다.

 이는 어디까지나 현 교육 정책에 대한 제 개인의 생각이며, 특목고 전체의 의견을 대변할 수 없음을 명심해주세요. 특목고에서의 생활을 바탕으로 재학생의 입장에서 쓰인 이 글에 대해 여러 갑론을박이 있을 것으로 예상되는 바, 의견에 대한 지적은 감사히 받겠습니다. 참고로, 이 글은 순수하게 교육 정책에 대해 말하고자 하는 것이지 정치계에 대해서는 아무런 고려사항도 개입되지 않았으며, 개입되어서는 안 된다고 생각합니다. 아무쪼록 우리나라의 교육문제에 대한 사회적 담론이 활성화되고, 나아가 이를 개선하는 데 제 글이 기여할 수 있었으면 하는 바람입니다. 긴 글 읽어주셔서 감사합니다."
2020-01-03,2020-02-02,인권/성평등,472,"유부남, 유부녀의 미혼빙자에 대한 처벌이나 대안이 필요합니다","사람이 만남과 헤어짐에는 개인적인 사항이라 생각했습니다..
영화나 TV, 소설 속에서만 일어나는 일이라 생각했습니다..

작년 6월말 만나 7월초 교재하던 남자는..
첫 만남에 나이를 속였었고, 
아직까지 결혼 생각없어 미혼이라 했습니다..

서로 좋은 감정으로 만났고, 
쌍둥이 자연임신 사실을 알고선 알렸을때..
바로 지웠음한다더군요... 그래서 이별하자 말했었고,
몇일뒤에 말 못한 유전병이 있어서..그 아픔을 애에게 겪에 하기싫어 결혼생각을 하지 못했다 하더군요.
그리고 다음 만날때(타지 파견근무중이라) 혼인신고서 들고 오겠다고 했는데.. 어영부영 하는 것이 이상했어요,

그러곤 부모님이 결혼 반대한다며, 집안에서 점찍은 여자가 있어 선보라고 했는데 안보고 있었다고, 그래서 저와의 결혼을 반대하신다고.. 설득해보겠다...
그렇게 시간이 지나고 또 시간을 허비하더니..
'12.15일 대뜸 사실 결혼했었다..처음엔 서로 좋아 만나 결혼했지만, 너무 자주싸웠고 양가부모님이 이혼반대를 해서 서로 무슨일을 하던 터치않고 연락한하고 살기로 해서 3년정도 별거 및 왕래가 없었다..' 라 하더군요..
즉..서류상 유부남이고 애는 없이 별거 3년 이상이래요..

충격에..그래도 쌍둥이들 아빠이니..
이혼할 생각있냐는 물음에.. '이혼하긴 해야지'라  답을 했습니다.
애도 둘 사이 없고, 연락도 없었으니..

물론 저도 모르는 사이에 전 불륜녀에 혼외자식을 품은 사람이 되어 매일 울고 충격에 휩싸였지만..
생명이 둘이나 있으니... 눈총은 어떻게든 감수해야한다..생각했어요..

그런데 오늘...
사실은 딸이..있다고 합니다.. 부모님이 키우고 있는..
그리고 부인은 집안행사에 부모님과 참여하고 왕래했다고..
이혼하려하니 딸이..걸린다며..
미안하다고.. 노력했으나 어떻해야할지 모르겠다는..
지금까지 시간을 끌어온 상투적인 말로..
저와 제 쌍둥이들에게 비수를 꽃았습니다..

유부남에 애도 있는데..
저희 가족은 물론, 친척, 일터의 사람들, 지인들을 만나고..
미안하다 잘하겠다고 하며 지금까지 시간을 끌었던 겁니다..

지방법원 무료변호사는 이런처지에 시원한 답없고..
법률사무소에서는 안타깝지만..처벌이 없다고 손해배상청구만 가능하다합니다..
상간녀손해배상소송을 제가 당할수도 있는데...

오늘에서야 모든 걸 알게 되었고..
낙태는 아직 불법에..
혼빙죄는 사라졌고..
성적자기결정권침해로 손해배상청구한다 하더라도.. 
 제 정신적, 육체적 고통에 비해 배상액은 작다네요..

돈을 바라는 건 아닙니다..
죄없는..쌍둥이도 지울 생각은 없어요..
그렇다고 신세한탄하며 죽음을 선택하고 싶지는 않아요..

그런데..현실에선.. 이..기막힌 상황에 대해 아무도 도와줄..사람 하나 없다는 것..
그리고 저도 모르는 사이에  제가..
불륜녀에 미혼모가 되어버린것..에 대해 
아무런 책임이나 조치를..할 수 없다는 것이..
너무 답답한 마음에 청원 올립니다..

저보다 더 심각한 고난에 빠진 분들도 많겠지만..
금전적 피해가 없어서 사기죄를 물을수도..없고,
유부남을 모르고 만난 제 잘못이란 스스로의 질책에..
태교에 신경써야할 이때 제대로 먹지도 못하고
  눈물로 밤 지새워야하는 저 같은 피해자가 발생하지 않도록..
법이든, 제도적이든..틀을 마련하도록 힘써주셨음 해서..
이렇게 두서없이 글 올립니다..

제가 여자라 유부남에 대한 것만 판단하는 게 아니라..
유부녀에 대한 남자분들의 피해도 있을 거예요..

남여 성별을 떠나 기혼임을 속이고 상대에게 정신적, 육체적 피해를 입히는 행위에 대해선.. 대안이 필요하다고 생각합니다.."
2020-01-03,2020-02-02,교통/건축/국토,348,세금을 신고 할 수 있도록 해주세요,"자동차를 판매 합니다.

1대의 자동차가 2000만원의 가격이 형성이 되면
대략 판매하는 직원은 80~90만원의 수당[급여]를 지급 받습니다.

그런데 대통령님은 차량을 구입하실때 어떨지 모르지만
국회의원이든 누구든 차량을 살때 그냥 사는 사람은 없습니다.
""뭐해줄꺼야"" , ""얼마할인해 줄꺼야"" , ""저기는 뭐해주고 워해준다고 하는데..당신은""
저희는 매월 수령하는 급여가 없습니다.
차 한대를 팔아야 그 수당이 급여가 되고 퇴직금이 됩니다.

그런데 말입니다.
내가 차를 한대 팔아서 80~90만원의 수당을 다 내것이 된다면
정말 행복하게 감사하게 소득신고를 하고 정상 세금을 내고그 세금은 바탕으로
의료보험 , 국민연금도 즐겁게 낼 수 있습니다.

80~90만원의 수당을 받으면 
썬팅,블랙박스 등등의 용품지원의 이유로 평균 60만원
때에 따라서 경쟁이 심화되면 90만원 이상까지도 할인이라는 명목으로 
고객에게 지원됩니다.

그럼 이 차량의 수당 80~90만원을 누구의 소득일까요?
차량 판매 하는 담당자의 소득일까요?
차를 구입하시는 고객님의 소득일까요?

그 소득을 누구 앞으로 신고 해야 하나요?

한달에 80만원 가량의 수당이 나오는 차량을 10대 판매 하였다면
저희는 매월 800만원 이상의 급여를 받는 고소득자가 되버리고
그에 따른 보험료가 산출되고 세금을 납부합니다.

그런데 실상은 그렇지 못하죠


그냥 저의 생각은...
수당은 저희가 받아서 그에 따라 신고를 정상으로 하되
세분화 하여 실 소득을 신고 하는것이 최선인듯 합니다.

80만원 수당중 60은 고객 서비스 지원이면
영업담당은 80만원의 수당을 수령하였고 3.3% 세금을 납부합니다.
그러면 영업사원은 
고객에게 지급된 60만원의 서비스비용을 별도로 지출 증빙하여 / 고객소득으로 신고하고
정상적인 20만원의 소득이 영업사원의 소득이 되고
60만원은 고객의 소득으로 신고 합니다.
영업사원은 다음해 5월 소득세 신고시 정산하여 이기 기납부된 80만원의 세금중 
고객에게 지급된 60만원의 3.3%를  환급 받고
고객은 60만원의 소득세를 납부 하면 됩니다.

그러면 되는데...ㅠ.ㅠ

-

한번은 세무서에 문의 하였습니다.
상기 아 같이 이러한데 할인 부분의 소득세 3.3%를 적용할 수 있는지
문의 하였더니 그런 규정은 없다고 합니다.

어떻게 보면 영업담당은 그냥 실적표에 점하나 찍은거 뿐이고
고객은 그 점에 대한 수당[급여]를 부당 이득 취한 것 입니다.

차량을 판매하고 고객에게 지급되는 서비스 비용에 대한
공정한 소득 신고가 될 수 있도록

그리고 그 소득에 대한 정당한 세금을 내고 
100%의 내 소득에서 웃으면서 국가에서 지정한 세금을 납부하는것

100%의 내 소득이 아닌데 
그것이 나의 소득으로 잡혀 어쩔수 없이 납부 해야 하는 현실
바로 잡아 주세요

차를 사는것는 즐거움입니다.
그 즐거움 저희에게도 좀 배려 해주세요^^"
2020-01-03,2020-02-02,보건복지,426,"""장애등급 판정기준에 해당하지 않는"" 희귀난치성질환 환자를 위한 개혁이 필요합니다.","링크로 첨부한 신문기사의 내용과 같이, 희귀난치성질환 환자들은 병명을 알아내기부터 치료를 지속하기까지 수없이 많은 어려움을 겪습니다.

여기에 덧붙여, 국민청원을 빌려 ""장애 정도의 판정 기준에 해당하지 않는"" 희귀난치성질환 환자의 어려움을 공론화하고자 합니다.

예컨대, 대입 수험생은 장애인등록증(복지카드)이 없더라도 의무기록사본과 진단서, 소견서 등 서류의 검토를 거쳐 '시험편의제공대상자'로 선정되면 수능 응시 등에 있어 도움을 받을 수 있습니다.

그러나, 그가 ""장애등급 판정기준에 해당하지 않는 희귀난치성 질환자""라면, 장애등급을, 곧 장애등급제 폐지 이후의 '장애정도'를 판정받은 바가 없기 때문에 특수교육대상자 전형에 지원할 자격은 얻지 못합니다.

같은 어려움을 겪는데도 한쪽에서는 이를 인정받고, 한쪽에서는 이를 인정받지 못해 복지 제도의 사각지대, 소수자 우대 정책의 사각지대에 놓이는 것입니다.

인터넷으로 사례를 조사해 보면 이와 같은 경우가 왕왕 존재하지만, 국민연금공단과 보건복지부 등 유관 기관들도 장애정도의 현행 판정기준을 준용하는 것 이외에는 도리가 없다고 합니다.

""법령에 따른「장애등급 판정기준」에 해당되지 않는 희귀난치성 질환자도 환자 개인의 신체 특성 및 상황을 고려해 장애등급을 판정해야 한다.""라는 국민권익위원회의 결정이 있기는 합니다. 그러나 환자 한 사람 한 사람의 병명과 처지가 다양한 탓에, 포괄적으로 적용되는 데 어려움이 따르는 게 아닐까 짐작합니다.

이런 이유로 국민청원을 작성합니다. 장애인 복지법의 개정도 좋고, 소수자 우대 정책의 수혜자에 희귀난치성질환 환자가 포함될 여지를 마련하는 것만으로도 좋습니다.

청와대의 답변이 있다면 더 많은 희귀난치성질환 환자들이 신체적 불편을 인정받고 필요에 걸맞는 지원을 받는 데에도, 유관 기관들이 이에 협조하고 정책을 개선하는 데에도 권위 있는 근거가 마련될 것입니다.

많은 동의를 부탁드립니다. 감사합니다."
2020-01-03,2020-02-02,보건복지,390,적폐 복지센터를 퇴출시킵시다.,"복지자금으로 사용되어야 할 후원금을 횡령한 사회복지사들을 당장 수사 촉구합니다.

- 서울신문 기사 제목 : 광화문 태극기 집회에 나타난 돈다발 헌금 - 이 집회에 노숙인들도 동원됩니다.

사회복지사가 노숙인을 깨끗하게 씻게 해주고 서울역 옷방에서 갈아 입고서 함께 태극기집회에 참석하면 누군가가 사회복지사에게 십만원을 지급하면 사회복지사가 5만원 갖고 노숙인 한명당 5만원 갖고 이렇게 나눈 후 기독교헌금으로 5만원을 냅니다.

노숙인을 지원하기 위해 설립한 <(********재단 서울특별시립 ****종합지원센터> 줄여서 ‘****센터’는 임시주거지원사업을 한다지만, LH공사임대주택의 용역을 받아 노숙인을 상대로 임대장사, 극빈자를 돕는척 세입자로 해주고 임대료 내지 않는다며 강퇴,

기초생활수급자등록을 도와 주기는 커녕 2019년9월4일 저를 반팔티 단벌 상태로 쫓아 내고 ****센터에 짐과 개인정보(여권)를 압류,

사회복지사들은 일방적으로 보관 짐을 경매처분한다며 협박, 노숙자를 모으고 쫓아내 굶어 죽기를 바라는 은폐 속셈인듯, 센터 존립의 이유는 노숙자가 있어야 되는건지?

속칭 ‘노숙자 장사’라고 부르는, 노숙자를 돈 벌이 수단으로 여기는 이들을 전수 조사 바랍니다.

저는 노숙자가 되기 전에 사기를 당해 빈털털이로 거리에 나왔습니다.

****종합지원센터 홈페이지에 물품후원 안내가 있지만, 저의 앞으로 음식물후원 받은거를 보관 곤란하다며 멀쩡한거를 버렸습니다.

****센터에서 일자리를 지원해 준다지만, 새벽에 인력소에 나가는데 선택되질 않습니다.

*****재단은 카톨릭에서 빠져 나온 성공회 개신교 종교집단인데

****사회복지사들은 탁상행정하여 기업•개인의 후원금을 받아 자기네들끼리 나눠서 잔치를 하는데, 박원순서울시장과 문재인정부 시점인 지금도 복지자금을 얼마나 늘려 놨는지 그 후원금을 어디로 쓰는지 조사해야 합니다.

****는 저녁 배식하는 장면을 사진 촬영용 목적으로 사용하고, 먹을수 있는 남은 음식을 과감히 버려서 음식물쓰레기가 너무 많이 나오는 낭비를 합니다.

저는 지금 거리에서 춥고 배고프고 빈혈로 어지러워 거닐다가 쓰러진게 한두번 아니예요. 굶주리는 고통에서 벗어 나고 싶습니다.

서울시에서 ***대역 고시원을 인수받아 인테리어하여 지금의 ****센터가 용역으로 관리하고 있습니다.

서울시에서 다 관리할수 없어서 용역을 주나봅니다.

저는 2013년7월부터12월까지 고시원에서 생활을 했고, 고시원을 주민지 해서 서울시에서 하는 공공근로 5개월에 2번 밖에 할 수 없는 자활근로를 했는데요.

****에서는 자원봉사 학생들을 알바같이 부려먹는 사회복지사 입니다. ㅠㅠㅠ

자기네들은 책상에 앉아 지시하고 자원봉사학생들은 알바같이 봉사하여 받는건 봉사 확인 도장뿐,

제가 ****센터의 화장실 청소하다가 불량이 있거나 세면기 고장났다고 보고하니깐 센터는 아무런 관심을 보이질 않고 넘어 가고 며칠동안 조치를 취하지 않고 있으면 누군가 기술자가 무상 수리를 해주어 돈이 안듭니다.

제가 자활근로 할 때 일어난 일들입니다.

****센터 사무실에서 책상머리 지키는 사회복지사가 뭐가 바쁘다고 상담을 기피하고 노숙인의 자립에 대해 신경조차 없고 탁상행정 꾸미고 후원금을 구걸하기 바쁜 센터장과 사회복지사들과 무엇 하나 할때마다 형식을 갖춰 사진행정을 일삼는 센터가 왜 필요할까요?

서울시는 행정 위주로 평가하기에 이 재단은 어떠한 대책도 없습니다.

서울시에서 노숙인들을 위해 지하도 24시간 무더위 쉼터를 ****센터가 운영할 수 있게 해 주었습니다.

센터는 용역받아 관리합니다.

그러면 센터에선 제대로 관리를 해야 하는데 관리 자체가 안됩니다.

우연히 시청한 YTN뉴스7시쯤 여름밤2019.7.22 방송에서 노숙인 촬영을 하는데 센터 팀장이 직접 인터뷰한 내용을 봤습니다.

다시보기를 보니 방송후 거짓으로 판명되었는지 그 장면은 나오지 않고 검색해 봐도 없습니다.

‘****’가 서울역 노숙인들을 귀찮게 해가며 YTN인터뷰같은 곳에 동원하는 이유는 센터 홍보일 뿐입니다.

평소 노숙인은 방치된채, 탁상행정으로 방송인터뷰도 짜 맞춰 사진 찍기 좋은 노숙인을 투입시켜 인터뷰하고 데려다가 무더위 쉼터로 놓고 사진을 찍기 바쁘고,

오죽하면 서울역에서 노숙하던 사람들이 싫증 나서 서울역 떠나 다른 지역으로 노숙을 하겠습니까.

왜 다른곳으로 노숙하는지 아무것도 모른채 센터에선 오로지 탁상행정 하여 이렇게 관리를 잘 하고 있으니 후원을 부탁 한다고 알립니다.

노숙인의 죽음도 돈과 연관되어 있습니다.

서울역 노숙인이 사망하면 ****센터에서 첫째로, 가족들 찾아 나서지만 형식적인 절차이고 가족과 연결하여 인계하는 과정에서 가족분한테 관리비용을 요구합니다.

가족들이 싫다고 하면,

두번째로, 사망한 노숙인을 국립의료원으로 중환자실에서 산소호홉기를 해 놓고 열심히 장례비용을 구걸하느라 발품을 팝니다.

최하 3개월~ 6개월 까지 산소호흡기로 기다리는 시체,

죽은 노숙인은 죽지도 못하고, 죽은지 최하6개월부터 최장 일년 넘게 중환자실에서 산소호흡기로 연장한 상태 동안,

정부, 서울시, 지자체, 구청, 주민센터, 사랑의 열매나 여러후원기업과 단체한테 후원금을 받아 내어 장례비용을 확보하면,

그 중 10%를, 국립의료원 비용과 화장비용으로, 참석한 관계자들 비자금으로, 참석한 동료 노숙인들과 함께 식사하는 비용으로 쓰고,

나머지 90%는 *****재단으로 고스란히 모아둡니다.

제가 몇번 봐 와서 훤히 알고있는 상황인데요.

장례를 치르고 화장하고 뼈가루를 몇몇 노숙인이 뿌려주는 보여주기식 이벤트로 사진행정으로 보여주고 몇몇 노숙인과 사회복지사, 행정관계자들과 함께 식사를 하는 것으로 장례 퍼포먼스를 마칩니다.

복지기금이 적은것도 아닌데 따로 사회복지사 별로 후원금을 구걸하는 사례가 너무 많고 급여를 이백여만원 받는데, 왜 그런식으로 일하는지 이해하기 어렵습니다. 국민세금으로 저들을 먹여 살릴 이유가 없습니다.

정부와 서울시는 철저하게 ‘****’를 전수 조사 하여 불법자금을 회수하고 복지센터 자격을 회수해야 마땅합니다.

정부와 서울시는 당장 특별감사를 실시하라.

서울시는 ‘(재)*******재단 서울특별시립 ****종합지원센터’를 당장 회수하라.

****센터에 무료강의 오신 김**교수님은 노숙인작가들을 ***모임이라 칭하고 이들의 에세이를 모은 책 2016년발간 제목'*****'을 만드셨고, 저는 *** 모임을 통해 ‘2013년 노숙인 *** 예술문학상’을 수상하여 당선금1,000,000원을 보증금으로 98,000원 더 내라고 하여 자활근로 420,000여원 받아 98,000원으로 보증금 더 지출을 했습니다.

2013년12월 ****센터에서 LH임대주택 임대계약을 해주었습니다.

제가 2013년12월 ****센터에서 임대계약서를 작성 한후, 센터에서 2년마다 재계약을 해야하는데 5년 사는 동안, 센터는 한번도 재계약을 않해주었고,

2015년에 ****센터는 저에게 연락해서 ‘서울시 보증금 대출을 받는다며 가족증명서를 보내라’고 해서 보내줬고 저는 어떠한 대출 서류 쓴적 없이 가족증명서 하나만 보냈습니다. 그러니까 아무것도 모르고 사회복지사 하라는대로 했습니다.

2016년에 센터는 서울시 보증금 대출을 받아 임대료를 축소 했지만 사회복지사는 통보도 알려주질 않아 임대료 금액도 알지 못했고 서울시 보증금 대출을 받았으면 그 계약서 사본이라도 우편을 통해 알려줘야 하는데 불구하고 사회복지사는 알려줄 의무 없다며 도리어 세입자에게 큰소리 치는 일이 발생 하였습니다.

*****재단은 복지센터를 가장하여 소외계층에게 협박과 폭력을 일삼는 못된 집단입니다.

저는 청소용역회사에서 청소노동자로 일하다가 2016년때 하수구 청소하다 사고로 왼손가락 두개 부상 당해 가운데 손가락이 절단될뻔 했고 즉시 병원 응급실로 조치를 취하여 봉합 수술을 했고, 회사가 ‘산재보험하지 말고 급여 월128만원을 받으라’고 했습니다. 청소용역업체가 입찰에 불이익 받을까봐 산재보험 대신 급여로 대신한겁니다.

산재보험으로 하면 근로복지공단에서 나오고 급여도 나오는데 급여만 나오게 한겁니다. ㅠㅠㅠ

저는 수술로 3달 쉬는동안 출근을 하지 않아서 식비는 제하지 않고 4대보험10만원 제해서 월118만원을 받았습니다.

월128만원도 식비 한끼당 2천원 제했을때,

아침점심저녁3끼 먹으면 하루6천원, 30일이면 18만원, 4대보험 10만원, 총28만원을 제하면, 128-28 = 100만원 이것도 차상위 계층 70만원이상 소득 높다며 취소를 했던 박근혜 정부입니다. ㅠㅠㅠ

저는 다시 청소업체에 출근하고 야간근무라서 식사도 제대로 하지 못했는데 세월호뱃지 달고 다닌다고 동료청소노동자들이 왕따했고 갑질로 인해 스트레스로 몸이 안좋아서 직장을 다닐수 없었습니다.

주민센터에서 차상위계층 취소당해 기초생활대상자로 신청하려고 했지만 2013년도 임대계약서 말고 최근 임대계약서를 가지고 오라는데,

****복지센터에선 “강제퇴거 할건데 왜 해 주냐”며 따졌고 “내가 그걸 왜 하냐”고 큰소리 치며 덤벼들어 아무말도 못했습니다.

임대료 미납되었다며 강제퇴거 내용증명서를 보내며, 퇴거하지않자 법원으로 명도소송을하는 사회복지사가 말하기를 ""못볼걸 본다""고 협박까지 하였습니다.

그런데도 관공서(구청,주민센터)에서는 저의 현실을 묵인한채,

제가 2014년399,000원, 2017년420,000원 두차례 긴급자금을 받아 자격없다며,

긴급자금을 또 받으려면 LH공사에서 용역을 받아 운영하는 ****사회복지사한테서 매입임대주택 임대계약서를 새로 받아 오라는데,

사회복지사로부터 어떠한 상담조차 받지 못했고 임대료 미납으로 일년에 한번씩, 세차례 연락 받았을뿐, 사회복지사 왈 '백여세대 다 고지하면 본인이 힘들다며 매달 임대료 고지할 의무 없다'했고, 저는 청소노동자로 최저임금 받아 생활하여 월급을 통해 12개월 미납금까지 냈고 그 다음해도 12개월분을 한꺼번에 납입했죠. 이렇게 두차례 납부를 했지만, 일자리 잃어 임대료 미납으로, 세차례땐 센터가 법원 통해 과감하게 강제퇴거 명령을 하더라구요.

퇴거 명령하는 사회복지사가 무슨일로 임대계약서를 해 주겠습니까,

결국 임대계약서가 없어서 긴급자금을 받지 못하고 기초생활대상자를 받지 못했습니다.

법원에서 집행부들이 나와 짐을 모두 빼고 1톤 트럭2대를 ****센터에 보내고 자전거와 배낭가방에 세면도구, 속옷 남겨 놓고 모두 ****센터 창고로 보관한다고 했습니다.

5년동안 살던 곳에서 2019년 9월4일부터 강제퇴거 당하고 노숙하여 나흘만에 거지꼴이 되어 버렸고 끼니를 굶어 빈혈로 고생하고 있습니다.

****복지센터가 강제퇴거 명령을 법원을 통해 명도소송해서 강제집행하는 복지센터가 진정한 복지센터입니까?

소외계층에게 이런 참혹한 내쫓음의 비극적인 현실이 ****센터 사회복지사로 통해 이루어졌습니다.

사회복지사는 주거취약계층을 돌보지 않고 임대료 미납되었다며 원금과 이자까지 체납된 것을 독촉하는 것이 사회복지사 역할입니까?

소외계층과 주거취약계층을 길거리로 강제 퇴거 시키면서 후원금을 받고 있는 *******재단 ****센터는 더이상 복지센터로서 자격이 없으니 퇴출시켜 주세요.

후원금은 불우이웃이 도움 받기를 바라는 후원자들의 순수한 마음이 담긴 돈입니다. 그런데,복지후원금은 소외계층에게 가는게 아니라 ****센터 사회복지사한테 가므로 고로, **** 사회복지사는 복지정책에 대한 개념도 계획도 없는 단체입니다.

오로지 눈먼 후원금을 어떻게 탁상행정 하여 많이 가지고 오느냐에만 있고 노숙인 정책 없이 지원금 정책이나 후원금 쳐 먹는 행정만 가득합니다.

탈북자 모자가 SH임대아파트에서 굶어 아이와 함께 시체로 발견되었다고 합니다. 아사 비극 전에 기초생활대상자로 재신청하려니 주민센터에서 중국에서 이혼서류 가지고 오라는게 말이 됩니까? 주민센터사회복지사 두명으로 한개 동을 맡는다는 것이 말이 됩니까?

무엇을 위해 봉사하는 것인지 알지 못하는 ****센터 사회복지사는 후원금만 받기 바쁩니다.

여러분, 앞으로 사람일은 어떻게 될지 모르는 일입니다.

나와 상관없는 노숙인이라는 선을 긋지 마시고 혹시 나도 같은 처지가 될지도 모르는 일이라 생각해 주세요.

 [본 게시물의 일부 내용이 국민 청원 요건에 위배되어 관리자에 의해 수정되었습니다]"
2020-01-03,2020-02-02,보건복지,277,한부모 차량 자격 완화 부탁드립니다.,"안녕하세요. 이혼으로 인해 2살 된 아이와 지내는 한부모 가정입니다.

한부모 자격 중 10년 이상, 1600cc미만, 150만원 미만인 차량만 타고 다닐 수 있다고 합니다.
그런 차가 있긴 한걸 까요?...현실적으로요.

지금 정부에서 경유 차량을 수도권에서 집중 단속 하고 있는데..10년 이상 된 차는 거의 90%이상이 경유 차량이예요.. 저는 지금 지방에 살고 있지만.. 몇년후면 지방도 단속 하겠지요..
그렇다면 10년이상 된 차량은 타고 다닐 수도 없겠죠..

설령 몇년 밖에 타지 못할 걸 각오하고 알아본들 150만원 미만인 차량은 어디에도 없더라구요..

cc야 경차를 타고 다니면 된다고 하지만 현실적으로 10년 이상 150만원 미만인 차량은 없어요..
있다고 해서 타고 다니다 사고라도 나면 그냥 아이와 함께 죽으라는 겁니다.

지금 한부모 차량을 가지고 계신분들 차가 자주 고장나서 몇십만원 주고 고치고 타고 다니세요..
왜냐면 아이가 새벽에 아프면, 병원가야되서. 밤늦게까지 일하게 되면 아이 데리러 가야되서. 버스는 언제 올지 모르구요. 택시는 한번 가는데 적게는 만원에서 많게는 이만원 정도 해요.

매번 이 비용을 감당하기에는 현실적으로 너무 힘듭니다.

저희 차 살돈 없서서 빚내서 사요..그 빚 내는 돈도 많이 감당못해요. 그래서 suv나 승용차는 꿈도 못꿔요..
유지비도 많이 들어서 그냥 포기합니다.

단지, 그냥 10년 이상 150만원 미만 이라는 부분만 완화해주세요. 더 바라지도 않구요. 아이 키우려면 차는 필수구요. 좋은 차 감당 못해요..

5년 이상 3-500만원 가액 차량으로 완화 시켜주시면 안되나요?
제발 부탁드립니다."
2020-01-03,2020-02-02,보건복지,"1,230",보험사들의 '대국민 보험사기극'이 맞는지 국민 여러분들과 대통령님 판단해 주십시요. 국회는 보험사들의 위법탈법 보험만행을 규제하고 처벌할 특별법을 제정해 주십시요.,"▶저는 암환자들의 모임인 암사모(암환자를 사랑하는 모임) 공동대표 이**입니다.

보험사들의 암보험에 대한 ""대국민사기극""으로 피해를 보고 있는 암환자들의 참혹한 상황을 고발하고, 비양심적이고 철면피한 보험사들의 만행을 규탄하고, 암보험가입자들의 피해를 방지함은 물론 권익을 되찾게 하고자 청원을 올립니다.

작년 초부터 현재까지 2년여에 이르는 기간 동안의 쟁점은 암보험가입자들의 ""암입원보험금"" 문제입니다.
국민 여러분, 대통령님 가입해 계신 암보험의 ""보험 증권이나 약관""을 꺼내어 특약의 ""암입원비"" 항목을 보아주십시요.
제 암보험의 경우 ""암의 치료를 직접목적으로 4일 이상 입원시 지급""으로 계약 내용이 명시되어 있습니다.
현재 보험사의 보험사기극에 고통받고 있는 대부분 민원 암환자들은 2014년 이전의 암보험 계약자들입니다.

▶① 암으로 4일 이상 입원시 지급
②암의 치료를 목적으로 4일 이상 입원시 지급
③암의 치료를 직접목적으로 4일 이상 입원시 지급... 계약 내용의 암보험계약자들입니다.

아무리 의학이 발달했다고 하더라도 '죽음'을 먼저 떠올릴 만큼 무서운 질병이 '암'이고
세계적으로 사망률 1위의 공포스러운 질병이 '암'입니다. ""확진 받은 암 환자가 국민건강보험공단에 중증질환자로 등록하면 5년동안 진료와 치료를 받을 경우 요양급여 총액의 5%만 본인이 부담토록 하는 산정특례제도""를 시행하는 것은 암환자가 최소 5년의 기간 동안은 지속적인 치료와 추적 관찰을 통해 암을 완치하도록 하는 특례 제도입니다. 국가의 재정이 남아돌아서 그럴까요?

5년 이상의 지속적인 치료를 국가가 담보한 것은 최소 5년 이상의 치료가 필요하다는 반증이고 인정입니다.

▶일반 케이스의 암환자들은 암으로 진단 받고 **대병원 **병원 **병원 등등 상급종합병원에서 수술을 받으면 보통 5일 안밖으로 강제퇴원(?)을 당합니다. 암이 완치되어서 상급종합병원에서 암환자 퇴원을 강요(?)하는 걸까요?
수술 등 이후 강제퇴원 이후의 지속적인 암치료를 위해 암환자들은 요양병원 입원을 선택할 수 밖에 없습니다.

수술 이후의 '암의 치료'에는 항암, 방사선, 표적치료, 항호르몬치료, 온열요법, 자닥신 압노바 등 면역 치료.. 들이 동원됩니다.
이 치료들을 통해 암을 완치하고 가정으로 사회로 복귀하는데 도움을 받고자 국민들은 암보험에 가입해 있는 것입니다.

대부분이 서민이고 약자인 암보험가입자들이 생활비를 아끼고 허리띠를 졸라매며 10년 20년 30년 40년 넘게 보험금을 납입했습니다.
왜 그랬을까요? 무서운 질병이 닥쳤을 때 최소한의 안정적인 치료와 완치를 담보하기 위해서 입니다. 고통을 참아가며 어려움을 감내하며 '최소한의 치료' ""필수불가결한 치료""를 담보하기 위해 암보험에 가입한 것이 아닙니다. ""가입할 땐 고객님, 지급할 땐 호갱님.""
하지만 보험사들은 계약 당시 증권-약관-안내서 등을 무시하고 암환자들을 배신합니다. 수단과 방법을 가리지 않고 혈안이 되어 암환자들의 암입원보험금을 갈취합니다. 그것도 생명보험 1,2,3위 라는 **생명 **생명 **생명 상상을 초월하게 비열합니다. 

95% 넘는 암입원보험금 지급율의 보험사가 있는 반면에 생명보험사 1위라는 세계적 기업이라는 **그룹 산하 **생명은 암입원보험금 지급율이 39%에 그칩니다. 그 뒤통수 친 돈으로 **은 기업을 키우고 빌딩을 세운 것인지 묻지 않을 수 없습니다.
그런 비도덕적이고 위법탈법 온상인 보험사는 망하는게 순리가 아닌지요? 영업정지나 면허박탈의 강력한 처벌을 해야 합니다.

계약 당시 약속(보험 증권 약관 안내서 가입설계서 광고)대로 '암입원보험금은 지급되어야 합니다.

▶상급종합병원에서 수술을 하고 퇴원당한 암환자들.. 그리고 수술이 곤란하거나 말기악성종양 등등의 경우 암환자들은 요양병원에 입원하여 완치 때까지 암의 치료를 해나갑니다. 수술 후 5일 안밖이면 퇴원을 당하는 암환자들이 암의 완치를 위해 치료를 지속해 나갈 의료기관이 현 의료 시스템에서 요양병원 이외 무엇이 있는지 보건복지부장관님의 답변을 요구합니다. 아니면 수술 항암 방사선 치료와 그 이후의 치료, 투병을 온갖 부작용과 고통 공포를 감내해 가며 집으로 귀가를 해야 합니까? 집에서 상급종합병원에 통원하며 치료를 받다가 죽어야 합니까? 만약 요양병원이 보건복지부에서 법률에 의거 허가된 입원과 치료가 기능한 정상적 의료기관이 아니라면 이 불법 의료행위를 자행하는 요양병원들을 모두 폐쇄하기 바랍니다.  '암의 치료'란 암제거와 면역치료 2가지가 병행되어야 함을 대한민국 의료인들은 왜 모르는 것처럼 눈을 감는 것 같습니다. 2018년 노벨의학상 수상자의 연구가 ""면역""임을 당신들은 알지 않습니까? 보험사의 콩고물이 고소합니까? 보험사가 무섭습니까? 사기집단 보험사들은 그러려고 국민들에게 ""암보험""을 판매했습니까? '필수불가결한 치료'와 '최소한의 입원'을 담보하기 위해 국민들이 보험사들의 '암보험'에 가입을 한 것입니까? 생명보험사 1위라는 **생명의 현** 사장은 3,500만 건 암보험가입자들과 218만 암환자들에게 답하길 바랍니다.3500만건에 달한다는 암보험가입자들로 부터 받아가는 연간 총보험료와 암투병 암환자들에게 보험사가 지급한 암보험금의 공개적인 발표를 원합니다. 지금도 역겨운 온갖 매체상의 보험사들의 광고를 보십시요, 국민 여러분 보험사들의 ""대국민보험사기극""에 절대 속지 마십시요. '회사 내규상 보험금 지급할 수 없다. 억울하면 소송하라.' 이게 보험사들의 민낯입니다. 어느 정도 기간은 상급종합병원의 항암과 방사선, 표적치료, 항호르몬제치료 등을 암환자들은 요양병원의 면역치료와 병행하기도 합니다. 때로는 면역요양병원의 면역치료에 의존해서 암의치료를 하기도 합니다. 2014년 이전까지 다양한 '암의 치료'에 무리없이 지급되던 '암입원보험금'이 2014년부터는 보험사들의 비열한 사기극으로 암입원보험금 지급이 급감하기 시작합니다. 더 이상 주주의 이익에 더욱 혈안이 된 보험사들에게 경고합니다. 더 이상의 ""대국민보험사기극""을 중단하십시요.

▶""'입원의 목적'이 암치료일 때 암입원비를 지급"" 한다는 계약 내용이 명백한데 보험사들은 요양병원의 입원을 문제 삼으며 요양병원에서의 면역치료들을 우리 회사는 인정할 수 없다. ""수술, 항암, 방사선"" 3가지 ""직접치료""에만 암입원보험금을 지급하겠다.. 일방적 통보와 함께 암입원보험금 갈취를 자행하고 심지어는 보험사 아바타로 의심받는 금융감독원의 지급 권고 경우까지도 암입원보험금을 지급하지 않습니다 ""입원의 목적이 암의치료""일 때 암입원보험금을 지급하겠다고 약속을 해놓고는 ""수술 항암 방사선 '직접치료'가 아니므로 불지급""한다는 희대의 사기극을 보험사들은 연출합니다. 증권 약관 안내서 등 어디에도 없는 ""치료법이 '수술 항암 방사선 직접치료일 때""만 회사 내규상 암입원보험금을 지급하겠다고 합니다. 받침 한 개 글자 한자가 중요한 계약에서 자기들 마음대로 의료계에도 없는 직접치료..라는 단어를 조작해 사용하고 그를 빌미로 암환자들의 '암입원보험금'을 갈취한다..? 경제와 사회의 근간을 무너뜨리는 무법천지..의 상황을 보험사들이 자행하고 있습니다. 이런 횡포가 아직도 용납되고 있는게 대한민국입니다. 이 모습이 문재인정부의 전부이고 20대 국회 국개의원들의 민낯입니까? 사버과 정의의 수준입니까? 계약내용을 마음대로 바꾸고 장난쳐도 아무 제재를 안 받는게 나라입니까?

▶금융감독원의 작태는 그들이 존재의미가 있는 집단인지 의심케 합니다. 작성자 불이익의 원칙 등에 따라 논란이 있는 경우 보험이용자에 유리한 적용과 판단을 해야 함에도, 금감원은 보험사들의 민원을 해결해 주는 집단이 아닌가 의심케 하는 결정을 반복합니다. 

2014년 이전 지급권고를 내렸던 상황들을 이제는 후퇴하고 후퇴하여 ""암입원보험금 지급 3 권고안""이라는 최소한의 범위로 보험사가 암입원보험금을 지급해도 된다는 잘못된 신호를 보내주었습니다. 금감원이 허수아비라는 사실을 안 보험사들이 이제는 금감원이 지급권고를 한 민원까지도 회사의 내규상 지급할 수 없다. 억울하면 소송하라고 강변합니다. 금융감독원은 ""권고 이외의 방법이 없으니 보험사와 소송을 하실 수 있습니다."" 안내문을 보냅니다. 우리 217만 암환자들은 유** 전 금융위원회 ****국장의 비리 기사 ""골프채, 항공권, 오피스텔, 아들 인턴, 동생 취업까지..""가 금융감독원과 금융위원회에 얼마나 뿌리 깊게 퍼져 있고 오히려 보험사 해결사 노릇을 금융위 금감원이 자청해서 하는게 아닌가 의심을 하고 있습니다. 증권 약관에 기준하여 보험사에 지급 권고를 내야 할 상황들을 불지급 회신문을 보내는 상황을 금감원은 반복합니다. 보험사들의 홍위병 노릇을 현재의 금감원은 하고 있다고 218만 암환자들은 의심합니다. 뿌리 깊은 병폐를 도려내고 환골탈태하지 못하는 금융감독원과 금융위원회는 없어져야 할 집단에 지나지 않습니다. 

은성수 금융위원장님 윤석헌 금융감독원장님 간곡하게 호소 드립니다. 최소한의 양심과 상도덕 시장경제질서 정의가 지켜지도록 보험사 금융사들을 감시하고 처벌하셔야 합니다. . 당신들의 면전에서 하는 보험사들의 ""대국민보험사기극""은 당신들을 우롱하고 조롱하는 것이고 국민들을 게돼지로 안다는 반증입니다. 국민을 위해 일해 주십시요. 망해야 할 보험사는 망하게, 지원 육성해야 할 보험사는 도움을.. 이게 정답이라고 판단됩니다.﻿

▶저희 '암사모'와 '보험이용자협회'가 어렵사리 윤석헌 원장님과의 면담을 통하여 암환자들의 참혹한 상황을 호소 드리고 문제 해결을 위한 ""핫라인"" 개설을 결정한 바 있습니다. 윤석헌원장님의 진정성을 믿고 희망을 가졌습니다. 하지만 1차례의 회동이 있었을 뿐 연이어 문재 해결을 위해 가동되어야 할 핫라인 회동은 멈추어 있습니다. 윤석헌 원장님!! 원장님의 지시가 현장에서 빛좋은 개살구가 되고 있음을 혹시 아십니까? 당신의 눈과 귀를 가리고, 무소신에 무사안일 무능력한 금감원내 보험사바라기들을 청산해 주십시요. '암환자를 살려주십시요.' 저희들은 보험사와 금감원 금융위에 통화를 할 때는 녹음을 합니다. 왜 인지 아시리라 믿습니다. 그 녹음들을 들어 주십시요. 얼마나 많은 금감원 직원들이 그 자리에 있으면 안되는지 아셔야 합니다. 원장님의 지시가 실제로 현장에서 실행되고 있는지 진행상황 확인을 해주셔야 합니다. 2달에 1번은 저희 암사모와 통화를 요청 드립니다. 유** 전 금융위원회 ****국장 같은 비리의 무리들이 금감원에 발을 붙이지 못하도록 하셔야 합니다. 은성수 위원장님! 금융위원회 내의 적폐 무리들 무능력자들 국민을 개돼지로 아는 쓰레기들을 청소해 주십시요. 국민을 두려워 할 줄 알고 국민에 봉사할 줄 아는 제대로 된 공무원들만 금융위원회에 남겨 주십시요. 국민들을 잡상인 취급하고 개돼지로 아는 공무원들을 저는 분명히 '쓰레기'로 지목합니다.

▶④ '암의 직접치료를 목적으로 입원시 암입원비 지급' 하고 2014년 부터 보험사들의 개별약관에 '직접치료'라는 단어가 등장하지만  증권 약관 안내서 등 어디에도 수술 항암 방사선 치료가 '직접치료'라는 특정이 없었습니다. 의료계에서도 존재하지 않는 단어를 보험사들이 암보험금 갈취를 위해 일방적으로 사용하는 것일 뿐입니다. 이 역시 위의 ①②③ 경우처럼 보험금을 지급하는게 맞습니다

⑤2019년에 들어 '암의 직접적인 치료 목적으로 입원시'라는 문장과 '수술 항암 방사선 치료를 직접치료'로 특정하는 보험사들 개별약관이 출현했고, 요양병원의 입원을 위해서는 '요양병원 입원을 위한 특약'을 따로 판매하고 있습니다. 

▶보험사들의 불법적인 암입원보험금 갈취가 ⑤ 이후 더욱 노골화 되고 있습니다. 2019년 개정된 ⑤의 내용을 그와 전혀 상관없는 그 이전의 ①②③④ 가입자들에게 소급 적용하는 '대국민보험사기극'을 보험사들은 자행하고, 회사 내규상 보험금을 줄 수 없다.. 억울하면 소송하라..하고 어이없는 작태를 이어가고 있습니다. 계약 내용이 명확한데 무조건 모르쇠이고 우리는 보험금 못주니까 억울하면 소송을 하랍니다. 계약서가 아무 의미가 없는 어이없는 이 작태를 금융감독원과 금융위원회는 방관하고 알게 모르게 암화자들을 압박하고 보험사 편을 듭니다. 보험 등 모든 계약은 당연히 ""계약 당시 약속대로 남입하고 지급""해야 합니다. 문재인정부의 혁신이 이렇게 한계에 부딪혀 좌초하고 있음을 윤석헌 금융감독원장님과 은성수 금융위원회위원장님께서는 아셔야 합니다. 국민과 정의의 편에 서실 것인지, 보험사와 적폐무리에 영합할 것인지 두 분은 결정하셔야 합니다. '암환자를 살려 주십시요.'

▶ 직접치료..라는 내용으로 암압원보험금을 갈취하던 보험사들은 ""의료자문""이라는 상식 이하의 사기극을 추가합니다.
암환자를 진료,진단하고 수술하고 치료한 적은 고사하고 환자와 일면식도 없는 유령의 쓰레기 자문의사를 동원하여 암환자의 암입원보험금을 삭감하고 갈취하는 것입니다. 심지어는 동네 재활병원 의사의 자문이라며 암입원보험금을 삭감합니다. 참 비양심적인 의료집단들이고 비열한 보험사들의 작태입니다. 국내 최고라는 상급종합병원의 암전문의인 담당의사 소견을 무시하고, 수술이나 항암 등 이후의 암치료를 담당하는 요양병원 의사들의 소견을 무시하고, 실체도 없는 유령 의료자문을 실시 ""본사의 의료자문 결과 수술 항암 방사선 이후의 치료가 필수불가결한 치료인지.. 필수불가결한 입원""인지를 따지겠다는 겁니다. ""필수불가결""이라는 말장난으로 암전문가인 의사들을 우롱하는 겁니다. 환자의 ""암"" 상태를 전혀 본적도 없으면서 그것도 몇 개월 몇 년이 지난 시점에서 펜대를 놀려 요양병원의 입원이 과다입원이라며 보험금을 갈취합니다. 보험사와의 더러운 거래에 부역하는 무리들은 의사의 자격이 없다고 봅니다. 사람의 목숨을 가지고 장난을 치다니요. 유령 불법 의료자문 의사들의 의사면허 박탈을 218만 암환자들은 요구합니다.

대한민국 최고의료기관에서 최고의 암전문의료인이라 인정받는 상급종합병원 담당의사의 소견서를 보험사 유령자문의가가 칼질한다..? 소나말이 웃을 일입니다. 상급종합병원 암전문 담당의사들에게 218만 암환자들은 요청합니다. 암의 수술이 끝났다고 암이 완치된 것이라면 그 시점에 '암 완치 증명'을 발급해 주십시요. 항암치료 방사선치료 표적치료 항호르몬치료를 종료했다고 그 순간 암이 완치된 거라면 그 시점에 '암 완치 증명'을 발급해 주십시요. 당신들이 진료하고 수술하고 치료한 암환자들이 보험사들의 횡포에 고통을 당하고 죽어가고 있습니다. 당신들은 그렇게 소신없고 무능력한 존재들입니까? 왜 보험사들의 말장난인 ""필수불가결한 입원""이라는 단어에 암환자들에 이중의 고통을 주십니까? 최고의 엘리트라는 ""의사""의 현주소가 그게 다 입니까?﻿

▶의료계에 과잉진료와 오진이 없지는 않습니다. 하지만 암환자가 자신의 의료지식을 기초로 상급종합병원이나 요양병원의 의사에게 치료의 방법을 지시하고 입원요구를 강제하지 않았습니다. 각 병원의 담당의사들의 전문 의료지식과 판단에 따라 치료와 입원을 결정하게 되는 것입니다. 그리고 혹시라도 과잉진료와 과다입원이 있었다면 이는 암환자에 책임을 물을 사항이 절대 아닙니다. 이는 보험사가 암환자를 진료하고 치료한 의사와 병원에 그 책임을 물어야 할 사항입니다. 이 진실을 왜 언론과 의료인 보험사는 인정하지 않는지요? 맹백한 과잉진료 과다치료 과다입원이라면 그를 결정하고 실행하도록 한 종합병원과 요양병원들에게 그 책임을 물으면 됩니다. 당연히 과잉진료 과잉치료 과다입원이 사라질 것이고, 보험사들의 '대국민보험사기극'도 끝날 수 있으리라 봅니다.

▶ ""화해계약서""라는 사기극을 보험사들이 자행합니다. 암에 대한 공포와 경제적인 어려움, 법에 대해 무지 상태인 암환자들에게 100% 암입원보험금을 지급해야 하는 상황임에도 보험사들은 암입원보험금 일부 지급에 동의하라고, 병상의 암환자들을 압박하고 겁박합니다. 아니면 암입원보험금을 그나마도 못 받게 될거다 소송하고 싶으면 소송하라. 그리고는 적폐판사들의 보험사 승소 판례를 슬그머니 내밉니다. 여기에 속아 내용도 제대로 확인을 안하고 싸인을 한 암환자들은 그 이후의 암재발이나 전이 등 당연히 암보험금을 지급받아야 할 모든 상황에서 자신의 권리를 강탈 당합니다. 이는 원천 무효임을 금융위원회와 금융감독원 사법당국은 확인해 주시기 바랍니다. ""보험의 시작과 끝은 명확히 계약 당시 계약 내용""입니다. 보험사들이 병상의 암환자들에게 불법으로 보낸 손해사정사들이 암환자들을 겁박하고 압박한 녹음한 증거 내용들을 우리 암환자들은 분명히 제시하겠습니다. 설명 위반이고, 협박이었고, 심신미약 상태의 속임수였습니다. 이의 원천 무효를 암사모는 정당하고 강력하게 주장하며, 화해계약서를 동원한 보험사의 보험사기로 인해 정당한 암입웜보험금 지급을  강탈 당했던 암환자들에게 더도 말고 덜도 말고, 계약 당시 약속대로 원상회복을 요구합니다.

▶ 암사모(암환자를 사랑하는 모임)와 암환자들의 이 호소를 외면치 말아 주십시요. 
국민여러분, 대통령님, 은성수 금융위원장님, 윤석헌 금융감독원장님 ""암환자를 살려 주십시요!""

 [본 게시물의 일부 내용이 국민 청원 요건에 위배되어 관리자에 의해 수정되었습니다]"
2020-01-03,2020-02-02,보건복지,208,맘모톰 수술비 급여 적용 촉구합니다.,"19.08.06 맘모톰(초음파유도하의 진공보조장치를 이용한 유방 양성병변 절제술)이 신의료시술로 인정을 받은 것으로 뉴스를 통해 접했습니다.

저같은 여성들은 건강검진 등을 통해서 양성 종양이 발견 되는 경우가 많은데 이럴경우 의료기관 내원시 대부분의 의사들은 맘모톰 시술을 권유합니다.

맘모톰 시술이 시술 시간이 짧고 효과가 좋은건 시술 받은 경험이 있는 여성이라면 누구나 다 인정할 것입니다.

문제는 종양 갯수당 적게는 수십 만원 많게는 수백만원의 비용을 의료기관에서 제각각 비용을 받고 있다는 것입니다. 

국가에서는 ""문재인 케어""로 국민들의 의료비 부담이 줄었다고는 하지만 의원급에서 주로 시행하는 맘모톰 시술 비용의 경우는 현재 비급여로 받고 있기 때문에 피부로 전혀 와닿지 않는 것이 현실입니다.

이에 대한민국 국민이자 여성으로써 맘모톰 시술 비용에 대해 급여/비급여 여부가 지금 검토되고 있는 상황이라면 
급여로 적용되길 촉구하는 바입니다."
2020-01-03,2020-02-02,경제민주화,314,2019년 2기 확정 부가세신고 (2020년 1월 28일) 신고기한 연장을 청원합니다.,"2019년 2기 확정 부가세신고 (2020년 1월 28일) 신고기한 연장을 청원합니다.
- 1월 28일 (화) -> 1월 30일(목)

대한민국의 조세행정을 지원하는 10만 세무대리인 (경리담당자)를 대표하여 청원합니다. 

매 년 1월부터 7월까지는 세금신고와 관계된 모든  세무대리인/ 세무사 / 회계사/ 경리담당자들은 항상 야근에 시달립니다.

1월 25일까지 (부가세신고)
1월 31일까지 (일용직/ 근로소득 간이지급명세서 제출)
2월 10일까지 (면세사업자 현황신고)
3월 10일까지 (근로소득 연말정산 / 지급명세서 제출)
3월 1일~3월 31일 (법인세 신고)
4월 25일 (부가세 신고)
5월 1일~ 5월 31일 (종합소득세신고)
6월 1일~6월 30일 (성실신고확인대상자 종합소득세신고)
7월 25일까지 (법인세 신고)

8월 이후도 신고일정이 있기는 하지만, 이렇게 1~7월 신고일정이 집중되면서 정부가 추진하는 근로시간 단축 등 경제민주화 정책이 무색하게 항상 야근에 시달리고 있습니다. 

그 중에서도 이번 2019년 2기 확정(부가세신고)는 2020년 1월 25일까지인데, 25일 구정연휴로 인해 28일 단 하루만 연장되면서 세금신고와 관련된 모든 세무대리인 / 경리담당자가 구정연휴에 고향에 찾지도 못하게 될 상황에 처해있습니다.

특히 이번 부가세 신고는 세금계산서(계산서) 발급마감기한인 1월 10일 이후 합계표 제출이 공휴일로 인해 11일에서 13일까지로 연장되면서 세금계산서(계산서)마감 또한 2일 가량 지연되므로 당연히 부가세 신고기한도 연장되어야할 것으로 판단됩니다.

한국세무사회/ 국민신문고 등을 통해 이미 기획재정부, 국세청에 건의했음에도 왜 기한연장이 받아들여지지 않는지 모르겠습니다.

또한, 위에 세무일정에서 확인할 수 있듯이 다른 신고기한은 매 월 말일인데, 부가세신고기한만 25일인 까닭으로 이런 불합리가 발생하므로 부가세신고기한 역시 매 분기 다음달 25일에서 -> 매 분기 다음 달 말일 까지로 변경해주실 것을 청원드립니다.

조기환급 등 사유가 있는 경우에는 매 월 조기환급 신청이 가능하고, 기존 사례를 보면 20일까지 부가세신고접수를 마무리하는 경우 미리 조기환급 심사검토를 하는 등 신고기한 연장으로 인한 단점도 해결할 수 있으므로 굳이 신고기한 변경 필요성을 부인할 필요는 없다고 판단됩니다.

그럼 2019년 2기 확정 부가세신고 (2020년 1월 28일) 신고기한 연장에 관한 국민의 청원에 대한 목소리를 꼭 귀기울여 들어주실 것을 간곡히 청원드립니다. 
- 1월 28일 (화) -> 1월 30일(목)

감사합니다."
2020-01-03,2020-02-02,안전/환경,"1,654",흙수저를 두번 울리지 말아주세요 신혼희망타운 지켜주세요,"저희 부부는 소위 말하는 흙수저입니다
월셋방에서 갓태어난 아이와 두번이나 쫓겨나며 얼마나 서러웠는지 모릅니다. 공교롭게도 두번 다 집주인분들께서 당신 자식들 위해 집을 급히 비워주셔야하는 상황이었고 그런 그늘막이 되어주실 분들이 못되어주시는 형편이라 저희 부모님들은 미안해하시기만 하셨지요.
집장만할 형편이 못되는 저희에게 신혼희망타운은 가뭄의 단비 이상의 감사함이었습니다. 특히 아이들 키우기 좋은 곳이라는 점은 그간의 설움도 씻어내 주는 희소식이었지요.  
많은 또래 아이들과 안전하게 살 수 있는 동네에서 저희 자랄 때 못지않게 즐겁게 커갈 수 있겠다 생각했는데 이 행복한 상상을 걱정으로 바꾸어야하는 상황이 되었네요.
위례 불법포교원이 들어설 우려가 있기 때문입니다.   헤괴한 소음 속에서 아이들이 받을 악영향과 피치못할 차량증가 및 주차로 인해 위험에 노출될 것이 불보듯 뻔합니다.
일반 아파트 단지보다도 더 불안한 상황에서 아이를 자라게 할 수는 없습니다. 경제적으로 여유롭다면 마음껏 원하는 곳으로 이사해서 아이를 보다 안전하게 지킬 수 있겠지요. 신희타 특성상 전매제한과 5년이라는 의무거주기간이 있는 상황하에, 이런 괴롭고 유해한 환경에서 아이를 다섯해 혹은 그 이상을 억지로 자라게 해야할까요?  맹모삼천지교는 커녕 트롯트와 헤괴한 소리들틈에서 어디서 발생할지 모르는 사고로 불안에 떨어야하는 상황 속에 벗어날 방법도 없이 살아야하다니요.
흙수저들은 자녀들을 안전한 곳에서 키울 수도 없는 건가요? 부디 약속해주셨던 안전하게 아이 키울 수 있는 곳이 될 수 있도록 도와주십시오.
불법포교원설립을 막아주세요.
아이 많이 낳고 안전하게 지킬 수 있는 신혼희망타운을 만들어주세요.  눈물로 간청드립니다."
2020-01-03,2020-02-02,외교/통일/국방,457,가짜 유엔사 해체 및 즉각적인 철수하라!,"<가짜 유엔사령부 해체및 즉각 철수를 위한 국민운동이 필요합니다!>

휴전 협정이 이루어지고 6.25전쟁에 참여했던 국제연합군 16개국 군대는 이 땅에서 모두 철수 및 해체되었다.하지만 미국 군대만은 철수하지 않고 지금까지도 DMZ를 점령하고 있다.

1994년 6월 <부트로스 갈리> 전 UN사무총장이 한 말을 인용하면 “주한 UN사는 유엔안보리의 산하기관이 아니며, 어떠한 유엔기구도 해체에 대한 책임을 갖고 있지 않다.”고 할 만큼 UN과는 무관한 ‘한미연합사령부’가 ‘UN군사령부’라 사칭하고 있다.

‘UN군사령부’를 사칭하며 아직까지 남아있는 이유가 과연 대한민국의 안녕을 위한 것이고 세계평화를 지키려는 것일까? 그 답은 매우 부정적이다.

 (1) 1882년 조선과 미국은 서로 불가침은 물론 타국의 침략을 받을시 적으로부터 서로를 지켜주기로 한다는 국가 간의 약속 즉 <조미수호통상조약>을 맺었다. 그러나 미국은 러일전쟁 직후 1905년 “미국은 필리핀, 일본은 조선의 지배권을 서로 인정한다.”는 <가쓰라-테프트 밀약>을 추진하며 조선을 배반함으로 결국 일본의 식민지배를 받게 만들었다.

 (2) 제2차 세계대전의 패전국인 일본을 대신해서 우리나라를 남과 북으로 갈라놓아 구 소련과 미군정이 분할 통치하는 어이없는 일을 저질렀다. 또, 연합국들의 의견을 무시하고 지도에서 독도를 일본에 편입시켜 지금까지도 일본과 독도로 인한 분쟁이 끊이지 않게 만들었다.

 (3) 1950년 1월 미 국무장관 <딘 에치슨>이 발표한 ‘에치슨 라인’에서 대한민국을 제외시켜 6.25전쟁 발발에 빌미를 제공했던 것이다. 전쟁 중, 전쟁 후에도 무고한 한국인들이 처참하게 죽어가게 했으며 전쟁에 패망한 일본이 재건할 수 있는 절호의 기회를 제공하고 우리나라가 다시 일본의 식민지가 되도록 애써왔다.지난 100여년 간 미국은 우리나라와 일본 중 일본의 편이었으며 단 한 번도 우리의 편인 적이 없었다.

현재도 미국은 ‘우방’이나 ‘혈맹’을 들먹이고 있지만 도움은 커녕 오로지 자국의 이익만을 위해 대한민국을 지배하고 있을 뿐이다.민족의 화합과 통일을 막고 남북이 대립 구도를 유지하게 하여 ‘안보’란 단어를 앞세워 무기장사로 돈벌이 생각만 하고 있다. 거기에 이제는 이 땅을 세균실험장으로 만들어 오염시키고 점령군으로서 온갖 만행을 일삼고 있다.

주한미군의 주둔비용 분담금을 인상하라고? 지금의 대한민국은 6.25전쟁 직후의 대한민국이 아니다.한민족의 이름으로 명령하노라.전 세계 전쟁이 있는 곳은 미국과 연관없는 곳이 없다. ‘세계의 악의 축’인 미국은 그 동안 오염시킨 성스러운 이 땅의 복구비용과 그 동안의 주둔비용을 지불하라!‘가짜 UN군사령부’를 당장 해체하고 주한미군을 즉각 철수하라!

우리 땅,우리 백성은 우리가 스스로 지킨다. 우리 민족끼리 민족 화합하여 통일을 이룩하자!

우리가 스스로 깨어나 올바른 역사를 되찾아 나라를 구하자!

2019년 12월 28일

대한 역사광복군장 황** 배상.

 [본 게시물의 일부 내용이 국민 청원 요건에 위배되어 관리자에 의해 수정되었습니다]"
2020-01-06,2020-02-05,문화/예술/체육/언론,309,대기업 게임사(***  ) 운영관리,"***게임 회사에서   모바일 게임인 *** ****  라는 게임을 운영하는데   게임  컨텐츠   중에    끝까지  클리어하면 유료재화를  (**) 500정도  주는 보상 을  버그 악용으로인해 
유료 재화인 (**) 를  복사하여   불법 사용 하였고  , 이일로 인해  많은 유저들이   누구는  비싸게  돈을내면서 게임하는데 누구는 편한하게  돈을벌면서  하는데  이에  게임사 쪽 은 버그로인한  피해공식 사과문 도 없이  유저기만 과도한 현질 유도  와  버그악용남발 및  버그에대한 대처 운영관리등  오로지  이익만  창출  신경쓰고있습니다.   많은 유저들이    이런 운영방식으로 인해 정신적 피해 물질적 피해를  입고있습니다. 정부에서  크게 게임사 관여 해야한다고  생각합니다.

 [본 게시물의 일부 내용이 국민 청원 요건에 위배되어 관리자에 의해 수정되었습니다]"
2020-01-06,2020-02-05,행정,"1,129",1호선 의정부 및 동두천 지하철  운행노선 합리적으로  부합하게  늘려 주세요!,"의정부 가능역에서 서울로 출퇴근 하는 회사원 입니다,  출퇴근시 열차 배차간격이 너무 길어 많은 시간을 낭비 합니다, 이러한 결과는 의정부나 동두천이 낙후된 지역의 주된 요인중에서 하나며 이런 시간 낭비로 인하여 차량으로 출퇴근하는 경우가 발생합니다, 이역시 미세먼지 일으키는 주된 요인 입니다, 미여터지는 전철속에서 초토화 되어 출근하면 의정부 지역을 떠나고 싶은 사람들의 이유를 알것 같습니다, 누구에게나 1분 1초는 지역에 관계없이 소중한 시간입니다, 전철을 타기위해서 오전 06시 58분에 도착해서 07시 08분에 승차했습니다, 10분 을 전철역에서 추운 날씨에 바람을 맞으며 대기 했습니다 , 열차 시간표도 계획표와 편차가 7분 입니다,부실한 관리라 생각 됩니다,  대한민국 시민이면 왜? 서울로 가려 하겠습니까? 정부가 이제까지 모르는 문제도 라면  지금 이후라도 문제해결을 부탁 드립니다"
2020-01-06,2020-02-05,기타,370,**상조 갑질횡포 및 수당체불 사태,"존경하는 대통령님!
**상조의 임금체불관련 국민청원하오니 확인 검토하시어
빠른 해결을 부탁드립니다.

***상조 갑질횡포 관련하여
1.전국지점장회의 악의적 행태
.매월초 서울본사아니면 **연수원에서
이루어집니다.
.지방의경우 전일 마감이 11시이후이므로
잠도못자고 새벽3시경 출발을 해야합니다.
그것도 밥값등 경비지원도 없이~
.인신공격성회의주도:실적등 개인적인
옷차림까지 공개적인 석상에서 일으켜
세워서 망신을 줍니다.
국장들 감봉까지 직원들한테 다 까발립니다.
2.본부및지점내 감시성 cctv설치
.처음엔 도난방지 감시 목적이었으나
나중에는 직원 감시용으로 변질되어
출.퇴근시간까지 확인하여 추궁을함
3.신규실적의 회사위주로 강요
.고객의 사정으로 월납으로도 회원가입이
가능하다 그러나 회사의 수입.유지율을
핑계로 월납으로 받아온 설계사는 사람
취급도 하지말라고 한다.대표가 교육하고
강요하는 사항이다.
4.본부.지점운영 경비지출
.정말 어잉가없는 시스템이다.
사무기기.비품.문구하나까지 개인비용으로 강요하고있다.투자를하라는 강요한다.심지어는
사무실청소비까지 설계사들이 갹출해서
운영중이다.사무실 오픈후 냉난방기기까지 본부.지점에서 해결을
하라고한다.도대체 영업지원팀은 뭘
하는 부서인지 알 수가 없다.
.회사달력.다이어리까지 구매를 강요한다.
.고객사은품 구매강요:사은품 구매후
지점비치하고 총무들에게 지시하여
이행여부를 카메라로 찍어보낸다.
5.주말.공휴일도 없이 출근 강요
.이건 노동착취이자 개인사생활 침해다
심지어는 주부인 여성들에게 일을 할려면
가정까지 버려야 성공할 수 있다고 강요
.5년10년 근무한 정규직지점장.본부장.
국장들 휴가 한번 간적이없다 아니 못간다
그렇다고 돈으로 보상해주는 시스템도
아니다.그냥 착취다.
6.실적마감 공포분위기
.월마감 주가 되면 영업부직원들의
스트레스는 극도에 오른다.1차마감시한이
보통 6시다.근데 단한번도 지킨적이 없다.
실적나올때까지 연장하여 보통 밤11시
정도에 끝난다.이건 약과란다 예전에는
새벽까지했다고 자랑질이다.
.계야직 총무들 시간외수당 미지급
영업마감때문에 매월 적어도 10일정도는
6시 정시 퇴근이 어렵다. 근데 영업마감에
맞춰서 같이 퇴근을하는데 시간외수당
10원이 없는 노동착취를 당하고도 말도
못한다.사회적 약자라는 이유로~
7.수당및진급규정
.지점장만 진급되면 돈이된다고 교육받고
앞만보고 왔다.근데 예전의 수당체계이면
월 천만원정도의 수당이 지급될 실적을
보였으나 그 절반이고,그다음부터는
유지에 따른 환수가 지옥끝까지 따라온다.
준만큼 뺏어가는 구조다.지점장들 평균수당이 3백정도라 생각한다
진급규정또한 기가찬다.귀에 걸면 귀걸이
코에 걸면 코걸이다.
수치적으로 진급규정을 맞춰놓아도
자기들 맘에 안든 진급자면 무슨 핑계르대드라도 누락을 시키고있다.
수당.진급규정은 정확한 문서를 본적이
단 한번도없다.본사 몇명에 의해서
좌지되고 있는 실정이다.
이런회사에 누가 설계사로 누가 지점장으로 근무를 하겠습니까?
*임금체불관련 하여 
.이와같은 내용들을 조직개편및영업활성화 내용으로 수차례
건의를 하였으나 개무시를 당할뿐이다.
근데 엄청난 일이 벌어졌다.
어느 한본부에서 12월25일 자발적으로 출근을하여 사무실에서 직원들끼리
영화 한편을 관람하였다.다과도 같이~
영화가 종료됨과 동시에 본사대표 일행들이 들이 닥쳤다.그기다가 신임소장
한명이 휴대폰으로 사가지고 온 케잌을
찍자 그걸 왜 찍느냐며 휴대폰을 압수하고
대표등 몇명이 발언을하며 조직이탈에
따른 망언들을 쏱아부었다.
아무것도 모르는 상황에 직원들은
충격에 휩싸였다.
이런회사를 더이상 어떻게 믿고 일을
하겠습니까?
담날 다른 계열사총무를 파견하여
직원들 상담도 주도하고 감시를 시작
했습니디.이에 불안을 품은 직원및설계사들이 해촉서류를 제출하였습니다.

수당지급일이 12월27일이었으나
전산오류라는 이유로 수당이 미지급되었으며 30일 월요일에 지급을
한다는 얘길듣고 믿고 기다렸으나
입금이 되질않았습니다.
설계사및직원들은 본사및여러경로로
하소연을 하였지만 쉽지가 않았습니다.
지방노동청까지 방문 상담하였으나
돌아오는 답은 근로자가 아니라는 이유로
민사로 진행하라는 답뿐입니다.
계속적인 본사 전화로 해촉서류를
제출하지 않은 설계사들의 수당이
우선적으로 지급이되고 일부 다른
설계사들은 수당이 들어 왔습니다.
그러나 지금까지 대부분의 해촉서류를
제출한 설계사.소장.지점장.본부장들의
수당이 미지급 상태입니다.
자기회사를 떠난다는 이유만으로
임금수당을 미지급하는 행태가 아직
대한민국에서 일어난다는게 분통합니다.
<헌법> 제15조 ""모든 국민은 직업선택의 자유를 가진다""하여 보장되고  있습니다.
즉 직업선택의 자유에는 직업을 바꿀
자유도 포함된다고 명시되어 있습니다.
지금까지 쉬지않고 일한 댓가에 돌아온
사측의 대응에 정말 국민의 한사람으로
청원드립니다.
연말.연초에 각 가정들의 지출이 많은
시기라 어떤분들 급전.사채까지 이용하며
생명연장을 하고 있습니다.
빠른 시일내에 **상조 최**회장.이**대표는 직원들에게 사과하시고
수당지급을 해주시고 윤리경영하시길
간곡히 부탁드립니다.
저희가 회사를 터나는게 아니라
여러분들이 저희 직원들을 버린겁니다.
행복경영이라는 책에 보면
요즘은 고객감동의 시대가 아니라
직원감동의 시대입니다.직원들에게
회사가 충성하고 감동을 주면
직원들이 자발적으로 고객을 감동시키는
시대입니다.
이런게 직원중심의 경영이자 윤리경영입니다.
대통령님!
이런사태를 조속하게 해결하여 직원들이
또다른 회사에서 빨리 안정되어 사회의
일원으로 봉사할 수 있도록 간곡히
청원드립니다.
새해 복많이 받으십시요.
감사합니다

 [본 게시물의 일부 내용이 국민 청원 요건에 위배되어 관리자에 의해 수정되었습니다]"
2020-01-06,2020-02-05,행정,245,모터사이클 핸들구조변경 허락해 주세요,"존경하는 문재인 대통령님 안녕하십니까?
저는 취미 생활로 모터사이클을 즐기는 대한민국의 가장입니다. 
다름이 아니라 취미생활을 제대로 즐기지를 못해  이렇게
청원을 합니다. 모터사이클도 튜닝을 허락해 주셨으면 합니다.
머플러는 구조변경이 가능하고 핸들은 안되고.모터사이클 타는 라이더 들은 혼동을 느끼며 취미생활을 하고 있는 상태이며 단속을 당하면 구조변경도 안해주면서 불법구조다 하여 벌금만
물리는 이러한 법이 어느 나라에도 없을  법 한 법이 존제하는 
대한민국의 국민으로써 청원을 드리는 바입니다.
모터사이클도 자동차세. 2년마다 검사를 하고 있는 자동차 입니다."
2020-01-06,2020-02-05,교통/건축/국토,227,관광버스 현실,"안녕하세요 
너무 너무 억울하고 삶의 터젼에서 
하루를 보내며 살아가고있는 정**입니다

제나이 한국나이 60세 입니다
제 직업은 관광버스 지입차주 
이며 관광버스 승무원입니다

전북지역에서 관광버스 지입차주 로
운영하고 있던중 하루 아침에 
청천벽력(靑天霹靂)을 맞이 할줄이야
생각도 못했습니다

현실적으로 대한민국 관광버스 지입차량
60%이상은 지입차량이다 봅니다.

불법이기에 법적인 재산권 보호 및법적인보호 제동장치가 전혀 없기에 저와 같은 피해사례가  
비일비재(非一非再)합니다.

악덕관광버스 법인 대표들은 불법지입차량은 
모든게 법인앞으로 등록이되어 있습니다만 

관광버스 차량 인도금. 할부 .회사 운영비(지입로)  보험.******.달달이 지입차주가 지불 하지만 모든 법접근거 서류는 법인대표 앞으로 되어있다보니

법을 악용해 법인을 양도 양수 아니면 법인 차량 담보대출 받은후 고의적부도를 내기도 합니다

저는 법인대표가 양도양수 하는 바람에 돈한푼 못받고 나의 민생고 차량을 빠기고도 오히려 나쁜 죄인 취금을 당하고 있습니다.

제와같은 피해사례가 더이상   발생
하지 않도록 정부 (국토부)에서사실상 인정해 주는 법적인 보호를 안을 만들어 주십시요

제가 지입해있던 회사는 
전북 순창 **관광 입니다

**관광 대표는  버스뿐 아니라
**운수.**화물 등 물류회사를
운영하고있습니다.

화물 차는  법적으로 지입차주 재산권보호가
되며 일반사업자로 구분되어 있습니다

**관광 대표에게 내용 고지지를 3번 보냈
지만 답변은 너무나 황당합니다

법적으로 지입차주 라는 서류와
증거를 가져오라는 오만  방자한 태도를 보면서 
인간으로서 일말의 양심과 도덕성을 잃어버린 
파렴치안 법인대표를 처벌해 주시기를 간청합니다.

 [본 게시물의 일부 내용이 국민 청원 요건에 위배되어 관리자에 의해 수정되었습니다]"
2020-01-06,2020-02-05,보건복지,488,"공무원연금, 군인연금 폐지하고 국민연금과 통합해주십시오.","우라나라 국민은 공무원이 있고, 군인이 있고, 일반 국민이 있습니까? 
공무원연금, 군인연금, 국민연금 이게 뭡니까?
국민연금을 내는 일반 국민들은 대한민국을 위해 살아가지 않는 사람입니까? 
왜 똑같은 국민인데 누구는 국민이 낸 세금으로 적자를 개선해주고 납부한 돈 보다 더 줍니까? 군인연금은 제대한다음 나이에 관계없이 바로 준다고 합니다.
이거 형평성에 위배되지 않나요? 공무원, 군인 고생많은 거 알고 있습니다. 이분들이 나라를 위해 일을 하시다 다치시거나 돌아가시면 예우를 잘해드리면 되고, 아주 근무여건이 위함하거나 힘든 보직에 대해 수당을 드리면 되지 무사하게 군대 제대하거나 공무원 정년 근무마치면 일반인과 뭐가 다릅니까?
왜 공무원, 군인만 특별히 연금으로 대우해주나요?
그렇다면 국민연금에 적용되는 우리 일반국민들은 나라를 위해 일하는거 아닌가요? 똑바로 생각하십시오.
군인이나 시청직원이나 일반 회사원이나 공장직원이나 자영업자나 모두 소중한 직장인입니다.
별로 설득력이 없는 것으로 차별하지 마십시오.
헌법 제11조 제1항 ""모든 국민은 법 앞에 평등하다. 
헌법 제11조 제2항에서 ""사회적 특수계급의 제도는 인정되지 아니하며, 어떠한 형태로든 이를 창설할 수 없다.""
사회적이든 경제적이든 우리 국민은 모두 평등해야합니다.
단) 공무원이건 군인이건 유공자규정이 있기에 그분들에 한해서 헌법상 퍙등권을 제한하여 선별적으로 예우하면 되지, 공무원, 군인이라고 해서 모두 공무원 연금, 군인연금 혜택을 주고 이를 세금으로 일부 보전해주고 일반 국민연금에 비해 월등하게 차별을 주는것은 위헌적이라고 봅니다.
또한 공무원, 군인...특히 공무원은 일반 직장인보다 월등하게 고용안정성이 압도적으로 좋습니다. 60넘어서 일반 회사다니는 사람이 몇이나됩니까? 공무원은 건강이 허락하는한  60세이상 근무하고 정년퇴직하는 당연하잖습니까?
결론적으로 공무원연금, 군인연금 폐지하고 국민연금과 통합해주십시오. 어떤 것이 평등한 것인지 숙고해주시기 바랍니다. 그렇지않으면 공무원연금, 군인연금 유지하되 국민의 혈세를 들이는 것을 절대 반대합니다."
2020-01-06,2020-02-05,보건복지,645,특발성혈소판감소증에대한 산정특례지원제외 재검토 요청!! 누구를 위한 복지입니까!!,"2008년 특발성혈소판감소증 진단을 받고
2014년 산정특례 등록되어 지원받았던 환자입니다

아이를 출산할때, 간단한 편도수술, 자궁경수술, 발치, 스케일링 등
수술뿐 아니라 간단한 시술을 위하서도
늘 혈소판수치를 검사하고 수혈 또는 면역주사를 맞으며
치료해오고있습니다.

작년 7월 아이를 출산할때도 고위험산모로 분류되어
출산전 면역주사와 출산당일 긴급수혈을 2차례나 받으며
가슴졸이며 출산하였고
출산후 과다출혈로 화장실에서 정신을 잃기도 했습니다
보호자가 동반되지 않았다면 큰일이 날수있는 상황이었습니다.

매년 수술이나 시술이 필요한때 최소 1년에 한번은
수혈이나 면역주사가 필요합니다.

그런데 금번 산정특례기준이 개정되며 해당질환은 특례대상에서 삭제되어
해당 질병에 대한 산정특례를 받을수없다고 통보받았습니다

치료방법도 없고
간단히 받을수있는 시술에도 늘 마음졸이며
고가의 면역주사나 수혈을 받으며 준비해야합니다.
더욱이 임산부의 경우 출산시 과다출혈로 매우 위험한 상황이 올수있는 중증질환임에도 
대상에서 제외된다는것은 누구를 위한 복지 정책인가요?
누가 정한 복지정책인가요?

특발성혈소판감소증에대한
산정특례대상 원복을 요청합니다!!"
2020-01-06,2020-02-05,보건복지,300,장애인입소,"대통령님 안녕하세요 

 저는 32살 지적장애 아주많이심함 ( 기초 수급자) 장애 아이를둔 엄마입니다 
 지금까지는 제가 힘들어도 죽는날까지 같이 살려고 노력하고 열심히 살아왔다 생각했는데 
 이젠 제몸이아퍼서 혹시하는마음에 제가 죽기전에 딸 아이를 기관에 입소시키려고 
 이곳 저것 찿았지만 법이 바뀌고 정원이 바뀌고 이런 저런 이유로 받을수없다고합니다  
 이곳에 어느기관에 보냈지만 너무심해서 안됀다고 쫒겨났어요 
 이렇게 심한 딸 아이에 제몸도 많이 안좋아서 더이상은 버티가 힘듭니다 
 대통령님 
 장애 아이 버리는것같은 심정이지만 
 이젠 제가 죽기전에 아이를 보살펴줄곳을 찿고싶습니다 
 제가 죽으면 이 아이는 어찌하나요?
집에있어도
 이마로  아무곳이나  들이받아서  유리도깨고
방문도  들이박고  이마도깨져 꿰메고 꿰맨이마 아물기도전에 실밥도띁어내고 
이렇게 힘들게하는 아이를  어느곳에서 받아주겟습니까 
기관에 가서도 그러니 못본다고  쫒겨나고 제  자식이지만 제가  살아갈 희망이없읍니다  
집   안밖으로  돌아다니며 물건들꺼내고 찟고 옷가지도 찢어서 물어주기도하고
잠도 잘 안자고 새벽 에 일어나서  소리지르고 집에서나  기관에서나 그러니 어찌하나요?
제가 죽을때 아이도 같이 데려가야할까요?
법이 바꿔 어서 더이상  입소할수없다고하고 
 꽃동네도 알아보니 정원이 넘어서 안됀다하고  이런딸을  어떻게할까요?
제몸이 아파도 마음편히 입원할수가 없답니다 
 노모 모시고살면서 산속으로 들어갈수도없고요 
살아야할  희만이 안보입니다 
장애아 부모가  왜 아이와 동반으로 생을 마감하는지 충분히알것같습니다 
오죽하면   살아갈  희망이  없으니 당연하다 생각합니다
저 또한  그런생각을  수없이 한답니다 
 대통령님. 
아 아이를 보살펴줄곳을 찿아주세요 
 보살펴주세요 
 간절히 청합니다"
